order_id,order_date,customer_id,customer_name,city,product,category,quantity,unit_price,payment_method
100001,2025-05-30,261,Olivia Walker,Birmingham,Keyboard,Accessories,1,49.99,Bank Transfer
100002,2025-05-05,234,Amelia Scott,Bristol,Desk Lamp,Furniture,1,37.99,Bank Transfer
100003,2025-09-18,70,Amelia King,London,Monitor,Electronics,1,241.99,PayPal
100004,2025-06-24,260,Daniel Roberts,Manchester,Keyboard,Accessories,3,49.99,PayPal
100005,2025-10-28,297,Olivia Green,London,Desk,Furniture,3,249.99,Card
100006,2025-06-26,171,Sophia Roberts,Nottingham,Desk Lamp,Furniture,3,39.99,Card
100007,2025-06-14,97,Thomas Brown,London,Mouse,Accessories,2,23.74,PayPal
100008,2025-07-30,23,Mia Walker,Birmingham,Webcam,Accessories,2,62.99,Bank Transfer
100009,2025-07-15,198,Grace Walker,Manchester,Headphones,Electronics,2,71.99,Card
100010,2025-10-30,170,Isla King,Leeds,Monitor,Electronics,3,219.99,Card
100011,2025-08-22,8,Sophia King,Leeds,Headphones,Electronics,1,83.99,Bank Transfer
100012,2025-02-08,241,Emma Evans,Leeds,Keyboard,Accessories,1,52.49,Card
100013,2025-02-11,169,Mia King,Birmingham,Desk Lamp,Furniture,1,39.99,PayPal
100014,2025-09-07,278,Charlie Adams,London,Laptop,Electronics,2,854.99,PayPal
100015,2025-05-28,117,Grace Adams,Birmingham,Monitor,Electronics,1,197.99,PayPal
100016,2025-12-27,52,Mia Taylor,Birmingham,Desk,Furniture,1,249.99,Bank Transfer
100017,2025-01-24,167,George Hill,Bristol,Laptop,Electronics,1,899.99,Card
100018,2025-05-06,272,George Wilson,Nottingham,Desk Chair,Furniture,2,197.99,Card
100019,2025-03-31,41,Amelia Thomas,Nottingham,Desk Chair,Furniture,2,170.99,Card
100020,2025-10-26,74,David Young,Birmingham,Mouse,Accessories,1,24.99,Card
100021,2025-12-08,5,James Brown,Liverpool,Desk,Furniture,4,262.49,Card
100022,2025-02-07,227,Michael Walker,Sheffield,Webcam,Accessories,5,59.99,PayPal
100023,2025-08-06,129,Emily Walker,Liverpool,Desk,Furniture,3,237.49,Bank Transfer
100024,2025-09-05,55,Daniel Scott,Liverpool,Mouse,Accessories,1,24.99,Card
100025,2025-12-25,152,George King,Nottingham,Laptop,Electronics,5,944.99,Card
100026,2025-01-05,290,Mia King,Sheffield,Laptop,Electronics,4,944.99,Card
100027,2025-05-27,118,Amelia Taylor,London,Webcam,Accessories,1,56.99,PayPal
100028,2025-12-14,71,Emma Johnson,Sheffield,Monitor,Electronics,4,230.99,Card
100029,2025-08-14,18,Emily Brown,Liverpool,Webcam,Accessories,2,53.99,Bank Transfer
100030,2025-06-17,213,James Young,Nottingham,Headphones,Electronics,1,87.99,Card
100031,2025-07-07,272,George Wilson,Nottingham,Desk Lamp,Furniture,4,43.99,Card
100032,2025-09-04,152,George King,Nottingham,Webcam,Accessories,3,59.99,Bank Transfer
100033,2025-03-14,116,Michael Taylor,London,Desk Chair,Furniture,5,197.99,Card
100034,2025-02-16,203,George Roberts,Bristol,Laptop,Electronics,1,809.99,Card
100035,2025-12-11,135,Charlie Roberts,London,Desk Chair,Furniture,3,179.99,Card
100036,2025-04-30,242,Sophia Clarke,Birmingham,Laptop,Electronics,2,899.99,Card
100037,2025-11-09,114,Olivia King,Sheffield,Monitor,Electronics,2,219.99,Bank Transfer
100038,2025-06-04,210,Charlie Johnson,Bristol,Monitor,Electronics,1,197.99,Card
100039,2025-09-10,60,Charlie Scott,Liverpool,Monitor,Electronics,1,219.99,Card
100040,2025-08-21,190,Harry Adams,London,Desk Lamp,Furniture,1,41.99,PayPal
100041,2025-08-01,51,Michael Wright,Manchester,Desk,Furniture,2,249.99,Card
100042,2025-07-09,112,Jack Johnson,London,Desk,Furniture,1,237.49,PayPal
100043,2025-02-20,189,Lily Scott,London,Desk Lamp,Furniture,4,41.99,Card
100044,2025-07-23,142,Grace Young,Manchester,Mouse,Accessories,5,27.49,PayPal
100045,2025-02-16,109,Thomas Evans,Leeds,Laptop,Electronics,1,899.99,Card
100046,2025-03-06,290,Mia King,Sheffield,Mouse,Accessories,1,27.49,Card
100047,2025-10-28,111,Sarah Brown,Sheffield,Mouse,Accessories,1,23.74,PayPal
100048,2025-11-02,2,Sophia Walker,Birmingham,Keyboard,Accessories,3,47.49,Bank Transfer
100049,2025-10-04,129,Emily Walker,Liverpool,Headphones,Electronics,1,87.99,Card
100050,2025-01-08,184,Harry Young,Liverpool,Mouse,Accessories,2,22.49,Card
100051,2025-01-27,65,Jack Wright,Liverpool,Desk Chair,Furniture,2,188.99,Card
100052,2025-08-18,186,Amelia Wright,London,Desk Lamp,Furniture,2,39.99,Card
100053,2025-11-11,23,Mia Walker,Birmingham,Desk Lamp,Furniture,1,41.99,Bank Transfer
100054,2025-02-01,246,Isla Wilson,London,Desk Chair,Furniture,1,161.99,Card
100055,2025-08-16,38,Noah Roberts,London,Monitor,Electronics,1,208.99,Card
100056,2025-05-21,300,Emma Taylor,Nottingham,Desk Lamp,Furniture,2,39.99,Bank Transfer
100057,2025-09-29,151,Amelia Adams,Bristol,Desk,Furniture,2,249.99,Card
100058,2025-12-26,59,Michael Hall,London,Desk Lamp,Furniture,2,37.99,Card
100059,2025-04-27,212,Michael Hill,Bristol,Webcam,Accessories,3,59.99,Card
100060,2025-02-18,161,Harry Wright,Sheffield,Desk Chair,Furniture,1,179.99,Card
100061,2025-03-20,243,Emily Smith,Birmingham,Monitor,Electronics,1,197.99,Card
100062,2025-02-19,191,Michael Young,Birmingham,Headphones,Electronics,2,79.99,Bank Transfer
100063,2025-10-15,169,Mia King,Birmingham,Monitor,Electronics,1,241.99,PayPal
100064,2025-08-05,27,Thomas Lewis,Leeds,Keyboard,Accessories,2,49.99,Card
100065,2025-09-17,109,Thomas Evans,Leeds,Headphones,Electronics,2,75.99,PayPal
100066,2025-06-29,285,Thomas Young,Nottingham,Webcam,Accessories,1,59.99,Card
100067,2025-08-08,288,Jack Hall,Manchester,Desk Lamp,Furniture,1,41.99,PayPal
100068,2025-05-17,15,Harry Brown,Leeds,Headphones,Electronics,1,87.99,Card
100069,2025-06-23,180,Sarah Evans,Sheffield,Laptop,Electronics,1,854.99,Card
100070,2025-07-25,36,Olivia Young,Manchester,Headphones,Electronics,2,71.99,Card
100071,2025-09-29,111,Sarah Brown,Sheffield,Desk Chair,Furniture,1,179.99,Card
100072,2025-06-09,167,George Hill,Bristol,Monitor,Electronics,3,208.99,Card
100073,2025-11-13,26,Sarah Walker,London,Monitor,Electronics,1,230.99,Card
100074,2025-11-07,227,Michael Walker,Sheffield,Desk Chair,Furniture,1,197.99,Card
100075,2025-06-26,221,George Adams,Sheffield,Monitor,Electronics,1,230.99,Card
100076,2025-09-27,158,James Johnson,Liverpool,Laptop,Electronics,1,899.99,Card
100077,2025-04-15,155,Noah Baker,Bristol,Mouse,Accessories,3,27.49,Card
100078,2025-06-17,62,Michael Johnson,Liverpool,Laptop,Electronics,2,899.99,Card
100079,2025-07-14,273,Emily Lewis,Leeds,Mouse,Accessories,2,27.49,PayPal
100080,2025-07-01,37,Harry Lewis,Nottingham,Desk Chair,Furniture,3,161.99,Card
100081,2025-08-24,40,Thomas Wilson,Leeds,Webcam,Accessories,2,59.99,Card
100082,2025-11-24,214,Emma Young,Bristol,Keyboard,Accessories,1,44.99,Bank Transfer
100083,2025-03-29,236,Emily Roberts,Liverpool,Webcam,Accessories,1,65.99,Card
100084,2025-08-12,206,Charlie Smith,Leeds,Desk Lamp,Furniture,1,43.99,Card
100085,2025-06-23,114,Olivia King,Sheffield,Webcam,Accessories,3,53.99,Card
100086,2025-02-28,272,George Wilson,Nottingham,Desk Lamp,Furniture,1,43.99,Card
100087,2025-11-27,76,Michael King,Manchester,Mouse,Accessories,1,24.99,Card
100088,2025-11-05,79,Amelia Wright,Nottingham,Monitor,Electronics,1,241.99,PayPal
100089,2025-08-26,289,Harry Hill,London,Desk,Furniture,2,249.99,PayPal
100090,2025-11-16,166,Emma King,Birmingham,Webcam,Accessories,1,53.99,Card
100091,2025-11-20,156,Michael Walker,Leeds,Keyboard,Accessories,2,49.99,Card
100092,2025-06-08,237,Emma Evans,Bristol,Desk,Furniture,1,249.99,PayPal
100093,2025-02-09,47,Lily Hall,Nottingham,Desk Lamp,Furniture,1,39.99,Card
100094,2025-01-22,231,Sophia Lewis,Liverpool,Mouse,Accessories,1,24.99,Card
100095,2025-02-01,231,Sophia Lewis,Liverpool,Monitor,Electronics,3,241.99,Card
100096,2025-02-13,259,Lily Wilson,Liverpool,Headphones,Electronics,1,83.99,Card
100097,2025-08-13,269,David Roberts,Birmingham,Desk Lamp,Furniture,2,39.99,Card
100098,2025-05-25,199,Sarah Smith,Liverpool,Desk Chair,Furniture,3,188.99,Card
100099,2025-11-20,172,Sophia Roberts,Nottingham,Monitor,Electronics,1,219.99,PayPal
100100,2025-05-26,130,James Evans,Sheffield,Headphones,Electronics,1,79.99,PayPal
100101,2025-06-29,159,Isla Baker,Manchester,Desk Chair,Furniture,1,188.99,Bank Transfer
100102,2025-06-08,287,George Brown,Bristol,Desk Chair,Furniture,2,179.99,PayPal
100103,2025-12-10,270,Michael Johnson,Birmingham,Monitor,Electronics,2,219.99,Card
100104,2025-01-10,186,Amelia Wright,London,Keyboard,Accessories,1,47.49,Card
100105,2025-09-06,99,Michael Scott,Liverpool,Mouse,Accessories,5,23.74,Card
100106,2025-02-21,260,Daniel Roberts,Manchester,Desk Lamp,Furniture,3,39.99,Card
100107,2025-06-22,68,Daniel Wilson,Manchester,Desk Chair,Furniture,1,170.99,PayPal
100108,2025-11-16,85,Daniel Johnson,London,Desk,Furniture,1,249.99,PayPal
100109,2025-05-02,228,Isla Scott,Liverpool,Keyboard,Accessories,3,54.99,Card
100110,2025-10-01,123,Olivia Thomas,Sheffield,Keyboard,Accessories,5,54.99,Card
100111,2025-04-10,189,Lily Scott,London,Desk,Furniture,1,249.99,PayPal
100112,2025-09-15,271,Emily Baker,Leeds,Desk Chair,Furniture,5,197.99,Card
100113,2025-11-06,71,Emma Johnson,Sheffield,Keyboard,Accessories,1,49.99,PayPal
100114,2025-10-11,53,Isla Scott,Birmingham,Desk Lamp,Furniture,3,39.99,Card
100115,2025-03-24,140,Jack Johnson,Sheffield,Desk,Furniture,4,237.49,PayPal
100116,2025-02-16,114,Olivia King,Sheffield,Desk,Furniture,3,224.99,Card
100117,2025-07-22,258,Emily Adams,London,Webcam,Accessories,1,53.99,Card
100118,2025-01-15,164,Olivia Hill,Nottingham,Monitor,Electronics,3,230.99,Card
100119,2025-03-16,71,Emma Johnson,Sheffield,Laptop,Electronics,1,989.99,Card
100120,2025-03-13,241,Emma Evans,Leeds,Desk,Furniture,2,224.99,Card
100121,2025-04-21,77,Sarah Scott,London,Desk Lamp,Furniture,4,39.99,Card
100122,2025-02-26,148,Olivia Baker,Leeds,Mouse,Accessories,1,22.49,Card
100123,2025-11-24,235,Grace King,Leeds,Monitor,Electronics,1,219.99,Card
100124,2025-01-09,264,Lily Wright,Leeds,Mouse,Accessories,2,24.99,Card
100125,2025-11-11,181,Harry Adams,London,Mouse,Accessories,2,23.74,PayPal
100126,2025-02-13,269,David Roberts,Birmingham,Webcam,Accessories,1,59.99,Card
100127,2025-09-17,284,Thomas Wilson,Birmingham,Laptop,Electronics,1,899.99,Card
100128,2025-07-18,192,George Thomas,London,Keyboard,Accessories,2,49.99,PayPal
100129,2025-06-26,124,James Thomas,Bristol,Monitor,Electronics,3,230.99,PayPal
100130,2025-03-10,23,Mia Walker,Birmingham,Webcam,Accessories,2,65.99,PayPal
100131,2025-12-17,238,Emma Scott,Birmingham,Desk,Furniture,2,274.99,Card
100132,2025-08-23,19,Emma Lewis,Leeds,Keyboard,Accessories,1,54.99,Card
100133,2025-01-22,162,Sophia Taylor,London,Keyboard,Accessories,2,54.99,Card
100134,2025-05-10,19,Emma Lewis,Leeds,Mouse,Accessories,1,27.49,PayPal
100135,2025-12-02,170,Isla King,Leeds,Keyboard,Accessories,1,49.99,Card
100136,2025-07-24,226,Mia Smith,Liverpool,Desk Chair,Furniture,1,170.99,Card
100137,2025-09-12,189,Lily Scott,London,Desk Lamp,Furniture,1,35.99,PayPal
100138,2025-02-10,221,George Adams,Sheffield,Headphones,Electronics,2,79.99,Card
100139,2025-06-17,152,George King,Nottingham,Keyboard,Accessories,1,52.49,Card
100140,2025-12-20,228,Isla Scott,Liverpool,Webcam,Accessories,1,62.99,PayPal
100141,2025-06-30,223,Thomas Thomas,Nottingham,Keyboard,Accessories,2,54.99,Bank Transfer
100142,2025-02-08,208,Daniel Brown,Liverpool,Webcam,Accessories,2,62.99,PayPal
100143,2025-01-16,74,David Young,Birmingham,Desk,Furniture,1,224.99,Card
100144,2025-11-27,188,Olivia King,Birmingham,Webcam,Accessories,1,59.99,Card
100145,2025-03-20,231,Sophia Lewis,Liverpool,Webcam,Accessories,1,65.99,Card
100146,2025-03-12,272,George Wilson,Nottingham,Webcam,Accessories,1,62.99,Card
100147,2025-02-28,14,Sarah King,Manchester,Headphones,Electronics,2,79.99,Bank Transfer
100148,2025-03-02,135,Charlie Roberts,London,Keyboard,Accessories,2,47.49,Bank Transfer
100149,2025-05-27,252,Charlie Johnson,Birmingham,Mouse,Accessories,1,27.49,Card
100150,2025-03-30,228,Isla Scott,Liverpool,Monitor,Electronics,3,241.99,Bank Transfer
100151,2025-12-08,178,Amelia Young,Bristol,Monitor,Electronics,2,219.99,PayPal
100152,2025-03-22,90,Sophia Lewis,Manchester,Webcam,Accessories,2,53.99,Bank Transfer
100153,2025-03-13,122,Lily Taylor,Liverpool,Desk,Furniture,1,249.99,Card
100154,2025-08-28,283,Grace Young,Bristol,Headphones,Electronics,2,71.99,Card
100155,2025-07-23,246,Isla Wilson,London,Desk Lamp,Furniture,1,39.99,PayPal
100156,2025-02-07,65,Jack Wright,Liverpool,Webcam,Accessories,2,59.99,Card
100157,2025-09-22,177,David Evans,Manchester,Headphones,Electronics,3,87.99,Card
100158,2025-10-28,94,Jack Evans,Bristol,Headphones,Electronics,1,87.99,Card
100159,2025-03-05,266,Emily King,Manchester,Headphones,Electronics,1,75.99,Card
100160,2025-12-30,116,Michael Taylor,London,Webcam,Accessories,4,59.99,PayPal
100161,2025-02-10,129,Emily Walker,Liverpool,Mouse,Accessories,2,24.99,Card
100162,2025-11-17,156,Michael Walker,Leeds,Desk Lamp,Furniture,1,41.99,Card
100163,2025-10-25,79,Amelia Wright,Nottingham,Headphones,Electronics,2,83.99,Bank Transfer
100164,2025-06-22,289,Harry Hill,London,Laptop,Electronics,3,809.99,Card
100165,2025-11-25,296,James Baker,Liverpool,Keyboard,Accessories,2,54.99,Card
100166,2025-11-13,16,Lily Clarke,Liverpool,Desk,Furniture,3,249.99,Card
100167,2025-06-04,248,Isla King,Bristol,Mouse,Accessories,3,26.24,Card
100168,2025-08-21,38,Noah Roberts,London,Laptop,Electronics,1,899.99,Card
100169,2025-04-15,175,Mia Brown,Birmingham,Headphones,Electronics,1,83.99,Card
100170,2025-06-26,205,Olivia Green,Manchester,Headphones,Electronics,3,79.99,Card
100171,2025-06-13,124,James Thomas,Bristol,Desk,Furniture,1,249.99,Card
100172,2025-02-19,26,Sarah Walker,London,Keyboard,Accessories,4,54.99,PayPal
100173,2025-05-08,82,Harry Roberts,Nottingham,Webcam,Accessories,4,62.99,Card
100174,2025-03-23,256,Noah Lewis,Nottingham,Desk Lamp,Furniture,1,39.99,Card
100175,2025-02-16,202,Emma Adams,Liverpool,Desk Lamp,Furniture,1,37.99,Card
100176,2025-06-30,25,Mia Walker,Bristol,Laptop,Electronics,1,899.99,PayPal
100177,2025-12-01,241,Emma Evans,Leeds,Keyboard,Accessories,2,54.99,Card
100178,2025-03-10,136,Emma Baker,Sheffield,Webcam,Accessories,3,59.99,Card
100179,2025-01-27,292,Lily Wright,Nottingham,Desk Lamp,Furniture,1,39.99,Card
100180,2025-07-17,259,Lily Wilson,Liverpool,Desk,Furniture,3,249.99,PayPal
100181,2025-11-16,61,Charlie Walker,London,Headphones,Electronics,5,79.99,Card
100182,2025-06-23,286,Emily Lewis,London,Webcam,Accessories,3,56.99,PayPal
100183,2025-07-25,257,George Green,Sheffield,Laptop,Electronics,1,854.99,PayPal
100184,2025-08-31,266,Emily King,Manchester,Desk,Furniture,1,249.99,Card
100185,2025-11-10,164,Olivia Hill,Nottingham,Headphones,Electronics,1,79.99,PayPal
100186,2025-06-03,173,Michael Green,Liverpool,Desk Lamp,Furniture,3,39.99,Card
100187,2025-10-16,154,Olivia Brown,Leeds,Desk,Furniture,3,249.99,Card
100188,2025-02-26,214,Emma Young,Bristol,Keyboard,Accessories,3,52.49,PayPal
100189,2025-11-19,14,Sarah King,Manchester,Desk,Furniture,1,262.49,PayPal
100190,2025-10-24,296,James Baker,Liverpool,Mouse,Accessories,2,24.99,Card
100191,2025-09-26,195,Thomas Lewis,Leeds,Headphones,Electronics,3,75.99,Card
100192,2025-12-25,57,George Hill,Nottingham,Mouse,Accessories,1,24.99,Card
100193,2025-07-31,105,Mia Green,Manchester,Desk Chair,Furniture,2,179.99,Bank Transfer
100194,2025-02-01,71,Emma Johnson,Sheffield,Desk Lamp,Furniture,1,39.99,Bank Transfer
100195,2025-09-02,270,Michael Johnson,Birmingham,Desk Chair,Furniture,1,170.99,Card
100196,2025-09-30,176,David Walker,Sheffield,Desk Lamp,Furniture,1,43.99,PayPal
100197,2025-12-15,136,Emma Baker,Sheffield,Desk,Furniture,1,237.49,Card
100198,2025-06-02,116,Michael Taylor,London,Keyboard,Accessories,3,52.49,Card
100199,2025-12-27,251,Harry Wright,Manchester,Webcam,Accessories,1,59.99,Bank Transfer
100200,2025-05-21,148,Olivia Baker,Leeds,Monitor,Electronics,2,219.99,Card
100201,2025-07-22,177,David Evans,Manchester,Headphones,Electronics,1,79.99,Bank Transfer
100202,2025-02-10,178,Amelia Young,Bristol,Desk,Furniture,2,262.49,Card
100203,2025-04-14,276,Amelia Hall,Leeds,Keyboard,Accessories,4,52.49,Card
100204,2025-02-25,123,Olivia Thomas,Sheffield,Mouse,Accessories,1,24.99,Card
100205,2025-04-30,27,Thomas Lewis,Leeds,Monitor,Electronics,1,230.99,Card
100206,2025-12-15,71,Emma Johnson,Sheffield,Laptop,Electronics,5,854.99,Card
100207,2025-09-01,245,Mia Green,Birmingham,Mouse,Accessories,3,24.99,Card
100208,2025-11-27,31,David Walker,Leeds,Monitor,Electronics,2,208.99,Card
100209,2025-01-20,90,Sophia Lewis,Manchester,Desk Chair,Furniture,3,170.99,Bank Transfer
100210,2025-01-19,204,Olivia Baker,Manchester,Desk,Furniture,1,262.49,Bank Transfer
100211,2025-05-29,20,George Clarke,Birmingham,Laptop,Electronics,1,899.99,Card
100212,2025-06-21,146,Emily Scott,Birmingham,Desk,Furniture,5,249.99,Card
100213,2025-03-10,259,Lily Wilson,Liverpool,Desk,Furniture,1,274.99,Card
100214,2025-03-25,235,Grace King,Leeds,Keyboard,Accessories,2,44.99,PayPal
100215,2025-06-01,291,Sarah Evans,Bristol,Mouse,Accessories,1,27.49,PayPal
100216,2025-07-27,219,Thomas Walker,Manchester,Desk Lamp,Furniture,1,39.99,PayPal
100217,2025-04-05,72,Thomas Wilson,Liverpool,Desk,Furniture,1,237.49,Card
100218,2025-07-16,121,Emma Clarke,Sheffield,Desk,Furniture,3,249.99,Card
100219,2025-10-21,6,Sophia Hill,London,Keyboard,Accessories,2,52.49,Card
100220,2025-12-08,61,Charlie Walker,London,Desk,Furniture,1,249.99,PayPal
100221,2025-12-27,160,George Young,Liverpool,Monitor,Electronics,2,219.99,Card
100222,2025-04-24,113,Thomas Taylor,Leeds,Headphones,Electronics,1,79.99,PayPal
100223,2025-11-07,192,George Thomas,London,Desk Chair,Furniture,2,179.99,PayPal
100224,2025-12-07,112,Jack Johnson,London,Mouse,Accessories,2,24.99,PayPal
100225,2025-02-11,270,Michael Johnson,Birmingham,Desk,Furniture,2,249.99,Card
100226,2025-10-16,58,Emma Walker,Liverpool,Laptop,Electronics,3,899.99,Card
100227,2025-10-02,77,Sarah Scott,London,Headphones,Electronics,1,79.99,Card
100228,2025-12-15,106,David Roberts,Manchester,Desk,Furniture,1,249.99,Card
100229,2025-01-29,233,Isla Scott,Bristol,Headphones,Electronics,2,79.99,Card
100230,2025-10-14,237,Emma Evans,Bristol,Keyboard,Accessories,2,49.99,Card
100231,2025-01-02,112,Jack Johnson,London,Monitor,Electronics,1,219.99,PayPal
100232,2025-10-05,31,David Walker,Leeds,Monitor,Electronics,5,219.99,Card
100233,2025-07-29,93,Charlie Adams,Bristol,Headphones,Electronics,3,83.99,PayPal
100234,2025-08-04,192,George Thomas,London,Desk Chair,Furniture,1,179.99,Card
100235,2025-12-16,277,James Brown,Liverpool,Headphones,Electronics,2,79.99,Card
100236,2025-10-03,202,Emma Adams,Liverpool,Desk Lamp,Furniture,1,37.99,PayPal
100237,2025-01-12,153,Daniel Hill,Nottingham,Desk,Furniture,2,249.99,Card
100238,2025-07-14,118,Amelia Taylor,London,Mouse,Accessories,1,23.74,Card
100239,2025-02-27,17,Michael Johnson,Liverpool,Desk Chair,Furniture,2,161.99,Card
100240,2025-02-04,52,Mia Taylor,Birmingham,Laptop,Electronics,1,944.99,PayPal
100241,2025-01-25,126,Olivia Wilson,Sheffield,Laptop,Electronics,1,854.99,Card
100242,2025-01-29,72,Thomas Wilson,Liverpool,Desk Lamp,Furniture,5,37.99,PayPal
100243,2025-10-22,164,Olivia Hill,Nottingham,Webcam,Accessories,1,56.99,Bank Transfer
100244,2025-09-24,114,Olivia King,Sheffield,Desk Chair,Furniture,1,161.99,Card
100245,2025-10-30,90,Sophia Lewis,Manchester,Desk Chair,Furniture,2,161.99,Bank Transfer
100246,2025-11-26,196,Amelia Roberts,Manchester,Desk Lamp,Furniture,1,39.99,Card
100247,2025-06-03,193,Jack Lewis,Bristol,Headphones,Electronics,3,79.99,Card
100248,2025-04-26,154,Olivia Brown,Leeds,Headphones,Electronics,3,71.99,Card
100249,2025-08-02,286,Emily Lewis,London,Desk Lamp,Furniture,1,37.99,Card
100250,2025-06-19,41,Amelia Thomas,Nottingham,Desk,Furniture,3,224.99,Card
100251,2025-04-08,27,Thomas Lewis,Leeds,Keyboard,Accessories,1,49.99,PayPal
100252,2025-02-07,97,Thomas Brown,London,Desk Lamp,Furniture,1,37.99,PayPal
100253,2025-06-20,156,Michael Walker,Leeds,Laptop,Electronics,1,854.99,Bank Transfer
100254,2025-03-02,246,Isla Wilson,London,Mouse,Accessories,2,26.24,Card
100255,2025-05-03,283,Grace Young,Bristol,Webcam,Accessories,3,59.99,Card
100256,2025-11-29,184,Harry Young,Liverpool,Keyboard,Accessories,1,49.99,PayPal
100257,2025-08-27,51,Michael Wright,Manchester,Desk,Furniture,3,249.99,Bank Transfer
100258,2025-07-09,161,Harry Wright,Sheffield,Desk Chair,Furniture,1,197.99,Card
100259,2025-03-16,9,James Thomas,Sheffield,Keyboard,Accessories,2,49.99,Card
100260,2025-08-02,152,George King,Nottingham,Headphones,Electronics,1,75.99,Card
100261,2025-05-06,256,Noah Lewis,Nottingham,Desk Lamp,Furniture,2,41.99,Card
100262,2025-09-08,252,Charlie Johnson,Birmingham,Desk,Furniture,1,274.99,Card
100263,2025-03-13,280,Olivia Wright,Nottingham,Desk,Furniture,1,249.99,Bank Transfer
100264,2025-01-31,269,David Roberts,Birmingham,Laptop,Electronics,3,809.99,Bank Transfer
100265,2025-12-09,25,Mia Walker,Bristol,Laptop,Electronics,1,989.99,PayPal
100266,2025-02-04,78,Michael Walker,Birmingham,Laptop,Electronics,1,899.99,Card
100267,2025-11-13,248,Isla King,Bristol,Desk,Furniture,1,249.99,Card
100268,2025-01-07,9,James Thomas,Sheffield,Desk Lamp,Furniture,2,39.99,Bank Transfer
100269,2025-01-09,258,Emily Adams,London,Desk Chair,Furniture,3,170.99,Card
100270,2025-02-19,269,David Roberts,Birmingham,Headphones,Electronics,1,79.99,Card
100271,2025-07-01,137,Grace Hall,Sheffield,Desk Chair,Furniture,1,179.99,Card
100272,2025-05-05,116,Michael Taylor,London,Keyboard,Accessories,2,54.99,Card
100273,2025-11-29,17,Michael Johnson,Liverpool,Monitor,Electronics,1,219.99,Card
100274,2025-01-29,5,James Brown,Liverpool,Headphones,Electronics,1,87.99,Card
100275,2025-06-19,290,Mia King,Sheffield,Monitor,Electronics,4,197.99,Card
100276,2025-12-21,291,Sarah Evans,Bristol,Desk,Furniture,1,224.99,PayPal
100277,2025-05-24,279,Jack Adams,London,Laptop,Electronics,1,989.99,Card
100278,2025-04-17,74,David Young,Birmingham,Desk Chair,Furniture,4,179.99,Card
100279,2025-05-04,291,Sarah Evans,Bristol,Desk Chair,Furniture,2,179.99,Card
100280,2025-03-13,41,Amelia Thomas,Nottingham,Desk Lamp,Furniture,2,39.99,Card
100281,2025-08-12,119,Emily Clarke,London,Monitor,Electronics,1,241.99,PayPal
100282,2025-11-01,204,Olivia Baker,Manchester,Webcam,Accessories,1,59.99,PayPal
100283,2025-08-19,252,Charlie Johnson,Birmingham,Mouse,Accessories,1,24.99,Card
100284,2025-12-15,300,Emma Taylor,Nottingham,Desk Chair,Furniture,1,179.99,Card
100285,2025-05-07,38,Noah Roberts,London,Monitor,Electronics,1,219.99,PayPal
100286,2025-11-21,79,Amelia Wright,Nottingham,Desk Chair,Furniture,1,161.99,Card
100287,2025-06-07,228,Isla Scott,Liverpool,Webcam,Accessories,3,53.99,Card
100288,2025-04-06,221,George Adams,Sheffield,Desk,Furniture,2,249.99,Card
100289,2025-01-14,46,Mia Hill,London,Webcam,Accessories,2,59.99,Card
100290,2025-06-16,198,Grace Walker,Manchester,Laptop,Electronics,1,899.99,PayPal
100291,2025-10-14,125,Amelia Walker,Leeds,Desk Lamp,Furniture,1,39.99,Card
100292,2025-05-18,155,Noah Baker,Bristol,Keyboard,Accessories,2,44.99,Card
100293,2025-05-22,216,Olivia Hill,Leeds,Keyboard,Accessories,2,44.99,Card
100294,2025-05-07,254,Michael Walker,Manchester,Mouse,Accessories,1,23.74,Card
100295,2025-07-22,171,Sophia Roberts,Nottingham,Desk Chair,Furniture,3,179.99,Card
100296,2025-08-09,70,Amelia King,London,Keyboard,Accessories,1,52.49,Card
100297,2025-06-10,91,Charlie Walker,London,Desk Chair,Furniture,5,179.99,PayPal
100298,2025-11-21,252,Charlie Johnson,Birmingham,Mouse,Accessories,1,24.99,PayPal
100299,2025-07-21,187,Harry Hall,Sheffield,Monitor,Electronics,4,208.99,Card
100300,2025-10-07,93,Charlie Adams,Bristol,Desk Lamp,Furniture,1,41.99,Card
100301,2025-12-29,108,Jack Green,Liverpool,Desk,Furniture,3,274.99,PayPal
100302,2025-07-29,256,Noah Lewis,Nottingham,Headphones,Electronics,2,75.99,Card
100303,2025-03-20,217,Lily Scott,Nottingham,Desk Chair,Furniture,1,179.99,Card
100304,2025-07-25,274,Noah Scott,Nottingham,Desk Lamp,Furniture,4,43.99,PayPal
100305,2025-10-06,19,Emma Lewis,Leeds,Webcam,Accessories,2,65.99,Card
100306,2025-11-23,44,Noah Baker,Liverpool,Monitor,Electronics,3,230.99,PayPal
100307,2025-03-27,23,Mia Walker,Birmingham,Desk Chair,Furniture,5,179.99,Bank Transfer
100308,2025-08-09,55,Daniel Scott,Liverpool,Laptop,Electronics,1,854.99,Card
100309,2025-09-23,286,Emily Lewis,London,Mouse,Accessories,1,24.99,Card
100310,2025-12-14,257,George Green,Sheffield,Headphones,Electronics,1,71.99,Card
100311,2025-06-01,213,James Young,Nottingham,Monitor,Electronics,1,230.99,Card
100312,2025-06-09,176,David Walker,Sheffield,Desk,Furniture,3,249.99,Card
100313,2025-09-01,50,Sophia Adams,Manchester,Desk,Furniture,2,249.99,Card
100314,2025-06-03,23,Mia Walker,Birmingham,Monitor,Electronics,1,219.99,PayPal
100315,2025-12-13,85,Daniel Johnson,London,Mouse,Accessories,2,24.99,Card
100316,2025-10-14,219,Thomas Walker,Manchester,Desk,Furniture,1,249.99,PayPal
100317,2025-04-06,222,Thomas Smith,Nottingham,Desk Chair,Furniture,1,179.99,PayPal
100318,2025-08-19,220,Jack King,Liverpool,Desk Chair,Furniture,1,170.99,Card
100319,2025-12-27,33,Grace Walker,Birmingham,Monitor,Electronics,3,219.99,Card
100320,2025-06-16,101,Grace Brown,Liverpool,Desk,Furniture,1,262.49,PayPal
100321,2025-09-28,161,Harry Wright,Sheffield,Desk Chair,Furniture,2,179.99,Card
100322,2025-06-30,235,Grace King,Leeds,Headphones,Electronics,3,83.99,PayPal
100323,2025-11-11,44,Noah Baker,Liverpool,Headphones,Electronics,1,75.99,Card
100324,2025-04-04,192,George Thomas,London,Headphones,Electronics,2,79.99,Card
100325,2025-10-22,197,Isla Smith,London,Desk Chair,Furniture,1,188.99,Card
100326,2025-11-27,89,Olivia Brown,Manchester,Desk Lamp,Furniture,1,39.99,Card
100327,2025-06-11,231,Sophia Lewis,Liverpool,Laptop,Electronics,3,809.99,Card
100328,2025-04-10,197,Isla Smith,London,Desk Lamp,Furniture,2,39.99,Card
100329,2025-09-09,213,James Young,Nottingham,Desk,Furniture,2,224.99,Card
100330,2025-04-23,150,Emily Green,Liverpool,Laptop,Electronics,1,899.99,Card
100331,2025-08-23,290,Mia King,Sheffield,Desk,Furniture,2,224.99,Card
100332,2025-05-18,279,Jack Adams,London,Webcam,Accessories,2,65.99,Card
100333,2025-08-14,280,Olivia Wright,Nottingham,Mouse,Accessories,5,22.49,PayPal
100334,2025-12-01,127,Sarah Wright,Liverpool,Keyboard,Accessories,3,44.99,Card
100335,2025-06-28,45,David Clarke,Birmingham,Desk,Furniture,3,224.99,PayPal
100336,2025-05-02,108,Jack Green,Liverpool,Webcam,Accessories,3,59.99,PayPal
100337,2025-03-26,72,Thomas Wilson,Liverpool,Mouse,Accessories,3,27.49,Card
100338,2025-06-29,273,Emily Lewis,Leeds,Keyboard,Accessories,2,47.49,Card
100339,2025-12-27,150,Emily Green,Liverpool,Keyboard,Accessories,2,54.99,Card
100340,2025-12-14,49,Emily Walker,London,Headphones,Electronics,5,87.99,Card
100341,2025-01-31,142,Grace Young,Manchester,Headphones,Electronics,2,75.99,Card
100342,2025-12-31,165,Sarah Scott,Liverpool,Mouse,Accessories,3,26.24,Card
100343,2025-03-14,296,James Baker,Liverpool,Keyboard,Accessories,2,49.99,Card
100344,2025-11-21,48,James Wilson,Bristol,Desk Chair,Furniture,2,179.99,PayPal
100345,2025-07-08,233,Isla Scott,Bristol,Desk,Furniture,1,224.99,PayPal
100346,2025-02-17,235,Grace King,Leeds,Webcam,Accessories,3,65.99,Card
100347,2025-04-22,220,Jack King,Liverpool,Mouse,Accessories,2,24.99,PayPal
100348,2025-06-22,281,Jack Thomas,Sheffield,Headphones,Electronics,2,79.99,PayPal
100349,2025-12-16,25,Mia Walker,Bristol,Laptop,Electronics,1,989.99,PayPal
100350,2025-01-09,64,Michael Hill,Liverpool,Headphones,Electronics,1,71.99,Bank Transfer
100351,2025-08-08,104,Lily Hill,London,Headphones,Electronics,3,79.99,Card
100352,2025-05-21,48,James Wilson,Bristol,Webcam,Accessories,1,59.99,PayPal
100353,2025-11-29,85,Daniel Johnson,London,Laptop,Electronics,1,899.99,PayPal
100354,2025-04-30,220,Jack King,Liverpool,Monitor,Electronics,2,197.99,Card
100355,2025-02-09,68,Daniel Wilson,Manchester,Mouse,Accessories,2,24.99,Card
100356,2025-12-23,176,David Walker,Sheffield,Monitor,Electronics,5,219.99,PayPal
100357,2025-09-02,37,Harry Lewis,Nottingham,Mouse,Accessories,1,26.24,PayPal
100358,2025-02-22,161,Harry Wright,Sheffield,Webcam,Accessories,3,56.99,Card
100359,2025-03-10,74,David Young,Birmingham,Monitor,Electronics,2,197.99,PayPal
100360,2025-03-26,226,Mia Smith,Liverpool,Webcam,Accessories,2,62.99,PayPal
100361,2025-07-30,227,Michael Walker,Sheffield,Mouse,Accessories,1,22.49,Card
100362,2025-03-05,197,Isla Smith,London,Webcam,Accessories,5,59.99,PayPal
100363,2025-05-07,142,Grace Young,Manchester,Monitor,Electronics,1,219.99,PayPal
100364,2025-11-08,146,Emily Scott,Birmingham,Laptop,Electronics,3,944.99,PayPal
100365,2025-04-16,266,Emily King,Manchester,Desk Lamp,Furniture,1,39.99,Card
100366,2025-01-28,123,Olivia Thomas,Sheffield,Desk,Furniture,1,237.49,Card
100367,2025-11-01,37,Harry Lewis,Nottingham,Desk Lamp,Furniture,3,35.99,Bank Transfer
100368,2025-06-12,68,Daniel Wilson,Manchester,Desk Chair,Furniture,3,179.99,Card
100369,2025-10-07,89,Olivia Brown,Manchester,Desk,Furniture,4,274.99,Card
100370,2025-10-28,35,Sarah Wilson,Birmingham,Laptop,Electronics,1,809.99,Bank Transfer
100371,2025-07-23,260,Daniel Roberts,Manchester,Keyboard,Accessories,2,49.99,PayPal
100372,2025-08-05,206,Charlie Smith,Leeds,Monitor,Electronics,2,219.99,PayPal
100373,2025-05-23,43,Noah Wilson,Leeds,Keyboard,Accessories,1,47.49,Bank Transfer
100374,2025-03-21,275,George Brown,London,Webcam,Accessories,1,62.99,PayPal
100375,2025-11-29,34,Noah Wright,Manchester,Keyboard,Accessories,2,52.49,Bank Transfer
100376,2025-05-03,30,George Taylor,Leeds,Mouse,Accessories,1,24.99,Card
100377,2025-11-10,29,Daniel Wright,Sheffield,Keyboard,Accessories,2,52.49,PayPal
100378,2025-03-03,7,Mia Evans,Sheffield,Headphones,Electronics,2,75.99,Card
100379,2025-06-27,268,Amelia Wilson,Liverpool,Desk Lamp,Furniture,3,41.99,Card
100380,2025-07-10,65,Jack Wright,Liverpool,Keyboard,Accessories,2,44.99,PayPal
100381,2025-01-16,172,Sophia Roberts,Nottingham,Desk Chair,Furniture,1,161.99,Card
100382,2025-10-23,40,Thomas Wilson,Leeds,Desk,Furniture,1,249.99,Card
100383,2025-10-18,86,Thomas Johnson,London,Webcam,Accessories,1,65.99,Card
100384,2025-10-21,60,Charlie Scott,Liverpool,Mouse,Accessories,2,22.49,Card
100385,2025-01-07,126,Olivia Wilson,Sheffield,Laptop,Electronics,1,899.99,Bank Transfer
100386,2025-04-02,19,Emma Lewis,Leeds,Desk Lamp,Furniture,3,41.99,PayPal
100387,2025-08-03,115,Mia Smith,Manchester,Webcam,Accessories,1,62.99,Card
100388,2025-02-09,293,Sarah Evans,Leeds,Webcam,Accessories,1,62.99,Bank Transfer
100389,2025-04-02,115,Mia Smith,Manchester,Desk Lamp,Furniture,5,39.99,Card
100390,2025-08-27,145,Amelia Hall,Sheffield,Keyboard,Accessories,1,49.99,Card
100391,2025-07-08,103,George Scott,Leeds,Keyboard,Accessories,2,49.99,PayPal
100392,2025-05-05,238,Emma Scott,Birmingham,Webcam,Accessories,2,59.99,Bank Transfer
100393,2025-04-11,280,Olivia Wright,Nottingham,Mouse,Accessories,1,24.99,Card
100394,2025-10-05,178,Amelia Young,Bristol,Laptop,Electronics,4,809.99,PayPal
100395,2025-07-12,158,James Johnson,Liverpool,Monitor,Electronics,1,208.99,Card
100396,2025-01-31,73,Daniel Evans,Nottingham,Keyboard,Accessories,1,47.49,PayPal
100397,2025-09-24,212,Michael Hill,Bristol,Webcam,Accessories,1,62.99,Card
100398,2025-02-18,259,Lily Wilson,Liverpool,Headphones,Electronics,2,79.99,Card
100399,2025-10-18,32,Charlie Young,Sheffield,Desk Chair,Furniture,2,170.99,Card
100400,2025-05-14,162,Sophia Taylor,London,Desk Chair,Furniture,2,188.99,Card
100401,2025-08-20,140,Jack Johnson,Sheffield,Mouse,Accessories,1,23.74,Card
100402,2025-10-27,56,Emily Lewis,Bristol,Headphones,Electronics,1,79.99,Card
100403,2025-07-28,62,Michael Johnson,Liverpool,Desk Lamp,Furniture,1,43.99,Card
100404,2025-06-07,238,Emma Scott,Birmingham,Keyboard,Accessories,3,44.99,Card
100405,2025-12-18,156,Michael Walker,Leeds,Laptop,Electronics,1,989.99,Card
100406,2025-02-16,128,Daniel King,Bristol,Webcam,Accessories,1,53.99,PayPal
100407,2025-05-14,90,Sophia Lewis,Manchester,Laptop,Electronics,4,989.99,Card
100408,2025-10-09,128,Daniel King,Bristol,Monitor,Electronics,1,241.99,PayPal
100409,2025-03-04,7,Mia Evans,Sheffield,Laptop,Electronics,3,854.99,Card
100410,2025-07-25,191,Michael Young,Birmingham,Monitor,Electronics,2,219.99,Bank Transfer
100411,2025-02-08,12,Michael Lewis,Manchester,Monitor,Electronics,1,230.99,Card
100412,2025-03-07,48,James Wilson,Bristol,Webcam,Accessories,1,59.99,Card
100413,2025-10-21,222,Thomas Smith,Nottingham,Desk Chair,Furniture,2,179.99,PayPal
100414,2025-03-30,182,Charlie Lewis,Nottingham,Mouse,Accessories,4,24.99,Card
100415,2025-03-18,18,Emily Brown,Liverpool,Mouse,Accessories,2,24.99,Card
100416,2025-10-09,246,Isla Wilson,London,Laptop,Electronics,1,899.99,Card
100417,2025-04-13,270,Michael Johnson,Birmingham,Mouse,Accessories,2,27.49,Card
100418,2025-01-10,196,Amelia Roberts,Manchester,Webcam,Accessories,1,65.99,Card
100419,2025-10-17,258,Emily Adams,London,Webcam,Accessories,1,56.99,Card
100420,2025-11-02,113,Thomas Taylor,Leeds,Laptop,Electronics,4,989.99,Card
100421,2025-08-30,272,George Wilson,Nottingham,Webcam,Accessories,3,56.99,Bank Transfer
100422,2025-02-21,127,Sarah Wright,Liverpool,Mouse,Accessories,1,27.49,PayPal
100423,2025-01-29,113,Thomas Taylor,Leeds,Desk Chair,Furniture,1,197.99,Bank Transfer
100424,2025-03-30,91,Charlie Walker,London,Mouse,Accessories,2,27.49,PayPal
100425,2025-07-03,15,Harry Brown,Leeds,Webcam,Accessories,4,59.99,Card
100426,2025-04-07,253,David Adams,Leeds,Desk Lamp,Furniture,1,39.99,Card
100427,2025-01-29,120,Grace Evans,Liverpool,Mouse,Accessories,1,24.99,Card
100428,2025-11-11,104,Lily Hill,London,Headphones,Electronics,1,75.99,Bank Transfer
100429,2025-06-15,31,David Walker,Leeds,Laptop,Electronics,1,944.99,Bank Transfer
100430,2025-02-26,270,Michael Johnson,Birmingham,Webcam,Accessories,5,59.99,PayPal
100431,2025-12-06,203,George Roberts,Bristol,Monitor,Electronics,1,219.99,Card
100432,2025-03-22,224,Daniel Clarke,Leeds,Desk,Furniture,2,237.49,PayPal
100433,2025-10-15,183,James Clarke,Leeds,Mouse,Accessories,2,27.49,Card
100434,2025-06-07,151,Amelia Adams,Bristol,Headphones,Electronics,1,71.99,Bank Transfer
100435,2025-10-21,201,Sophia Taylor,Nottingham,Laptop,Electronics,1,899.99,Bank Transfer
100436,2025-11-10,114,Olivia King,Sheffield,Monitor,Electronics,4,208.99,Card
100437,2025-02-09,122,Lily Taylor,Liverpool,Webcam,Accessories,5,56.99,PayPal
100438,2025-02-15,172,Sophia Roberts,Nottingham,Desk,Furniture,1,237.49,Card
100439,2025-02-04,180,Sarah Evans,Sheffield,Keyboard,Accessories,3,52.49,Card
100440,2025-07-17,225,Thomas Roberts,Leeds,Desk Chair,Furniture,5,179.99,Card
100441,2025-07-13,180,Sarah Evans,Sheffield,Desk Lamp,Furniture,1,43.99,Card
100442,2025-10-23,116,Michael Taylor,London,Headphones,Electronics,1,87.99,PayPal
100443,2025-05-31,11,Daniel Hall,Manchester,Webcam,Accessories,1,53.99,Card
100444,2025-03-29,193,Jack Lewis,Bristol,Headphones,Electronics,2,79.99,Bank Transfer
100445,2025-02-17,174,Jack Hall,Bristol,Desk,Furniture,2,249.99,Bank Transfer
100446,2025-03-26,223,Thomas Thomas,Nottingham,Headphones,Electronics,1,79.99,Card
100447,2025-04-08,210,Charlie Johnson,Bristol,Desk Lamp,Furniture,2,41.99,Card
100448,2025-12-05,145,Amelia Hall,Sheffield,Keyboard,Accessories,1,44.99,Card
100449,2025-10-09,252,Charlie Johnson,Birmingham,Headphones,Electronics,1,71.99,Card
100450,2025-05-31,246,Isla Wilson,London,Mouse,Accessories,1,23.74,Card
100451,2025-05-30,42,James Roberts,Birmingham,Desk,Furniture,3,249.99,PayPal
100452,2025-08-30,251,Harry Wright,Manchester,Keyboard,Accessories,1,49.99,Card
100453,2025-07-09,196,Amelia Roberts,Manchester,Webcam,Accessories,1,53.99,Card
100454,2025-08-27,135,Charlie Roberts,London,Mouse,Accessories,3,24.99,Card
100455,2025-12-23,50,Sophia Adams,Manchester,Monitor,Electronics,2,241.99,Card
100456,2025-10-29,117,Grace Adams,Birmingham,Desk Lamp,Furniture,1,39.99,PayPal
100457,2025-08-03,275,George Brown,London,Desk,Furniture,2,237.49,Card
100458,2025-02-10,203,George Roberts,Bristol,Laptop,Electronics,2,899.99,PayPal
100459,2025-12-13,76,Michael King,Manchester,Monitor,Electronics,4,219.99,Card
100460,2025-03-27,109,Thomas Evans,Leeds,Mouse,Accessories,1,24.99,Card
100461,2025-12-16,223,Thomas Thomas,Nottingham,Mouse,Accessories,5,26.24,Card
100462,2025-11-01,133,Mia Hall,London,Webcam,Accessories,4,65.99,Card
100463,2025-07-18,285,Thomas Young,Nottingham,Desk Chair,Furniture,2,197.99,Card
100464,2025-08-23,7,Mia Evans,Sheffield,Desk Lamp,Furniture,3,35.99,Card
100465,2025-03-17,291,Sarah Evans,Bristol,Monitor,Electronics,4,219.99,PayPal
100466,2025-05-27,275,George Brown,London,Webcam,Accessories,3,59.99,Card
100467,2025-09-06,293,Sarah Evans,Leeds,Desk,Furniture,1,249.99,Card
100468,2025-11-13,206,Charlie Smith,Leeds,Laptop,Electronics,1,899.99,PayPal
100469,2025-01-26,244,Jack Johnson,London,Keyboard,Accessories,4,44.99,Card
100470,2025-06-05,160,George Young,Liverpool,Keyboard,Accessories,3,54.99,PayPal
100471,2025-02-20,117,Grace Adams,Birmingham,Headphones,Electronics,1,83.99,Card
100472,2025-06-14,138,Lily Hill,Manchester,Desk Chair,Furniture,2,161.99,Card
100473,2025-04-19,209,Emma Green,Manchester,Desk,Furniture,3,274.99,Card
100474,2025-01-29,264,Lily Wright,Leeds,Headphones,Electronics,1,83.99,Card
100475,2025-03-11,269,David Roberts,Birmingham,Laptop,Electronics,1,989.99,Card
100476,2025-01-30,128,Daniel King,Bristol,Laptop,Electronics,1,899.99,PayPal
100477,2025-05-21,189,Lily Scott,London,Desk,Furniture,2,262.49,Bank Transfer
100478,2025-12-15,16,Lily Clarke,Liverpool,Mouse,Accessories,1,24.99,Card
100479,2025-08-31,283,Grace Young,Bristol,Webcam,Accessories,1,65.99,PayPal
100480,2025-12-19,47,Lily Hall,Nottingham,Keyboard,Accessories,1,44.99,Card
100481,2025-10-20,110,Noah Wright,Leeds,Mouse,Accessories,2,26.24,Card
100482,2025-11-30,210,Charlie Johnson,Bristol,Desk Lamp,Furniture,1,43.99,Bank Transfer
100483,2025-12-16,5,James Brown,Liverpool,Desk,Furniture,4,262.49,Card
100484,2025-01-05,115,Mia Smith,Manchester,Keyboard,Accessories,2,49.99,PayPal
100485,2025-12-30,141,James Hill,Liverpool,Desk Chair,Furniture,4,197.99,Card
100486,2025-05-10,112,Jack Johnson,London,Desk,Furniture,1,249.99,PayPal
100487,2025-07-23,300,Emma Taylor,Nottingham,Monitor,Electronics,1,230.99,Bank Transfer
100488,2025-07-11,288,Jack Hall,Manchester,Keyboard,Accessories,1,44.99,Card
100489,2025-06-22,142,Grace Young,Manchester,Webcam,Accessories,3,59.99,PayPal
100490,2025-11-30,153,Daniel Hill,Nottingham,Mouse,Accessories,1,27.49,Card
100491,2025-01-30,207,Charlie Lewis,Sheffield,Webcam,Accessories,2,62.99,Card
100492,2025-09-12,152,George King,Nottingham,Keyboard,Accessories,4,49.99,Card
100493,2025-01-19,299,Sophia Wilson,Nottingham,Mouse,Accessories,1,26.24,Card
100494,2025-10-01,244,Jack Johnson,London,Webcam,Accessories,2,65.99,Card
100495,2025-12-03,286,Emily Lewis,London,Headphones,Electronics,1,79.99,Card
100496,2025-05-13,287,George Brown,Bristol,Headphones,Electronics,4,79.99,PayPal
100497,2025-04-24,182,Charlie Lewis,Nottingham,Mouse,Accessories,2,24.99,Card
100498,2025-06-19,191,Michael Young,Birmingham,Keyboard,Accessories,2,49.99,PayPal
100499,2025-08-29,28,Michael Evans,Bristol,Monitor,Electronics,1,208.99,Card
100500,2025-12-15,196,Amelia Roberts,Manchester,Desk Lamp,Furniture,1,35.99,PayPal
100501,2025-03-19,71,Emma Johnson,Sheffield,Mouse,Accessories,1,24.99,PayPal
100502,2025-08-23,74,David Young,Birmingham,Webcam,Accessories,3,56.99,PayPal
100503,2025-09-07,171,Sophia Roberts,Nottingham,Headphones,Electronics,1,71.99,Card
100504,2025-05-21,108,Jack Green,Liverpool,Headphones,Electronics,2,75.99,Card
100505,2025-02-15,67,Sophia Wright,Sheffield,Desk Chair,Furniture,2,179.99,Card
100506,2025-09-02,197,Isla Smith,London,Laptop,Electronics,1,854.99,PayPal
100507,2025-01-08,165,Sarah Scott,Liverpool,Desk Lamp,Furniture,1,41.99,Card
100508,2025-05-08,116,Michael Taylor,London,Webcam,Accessories,1,53.99,Card
100509,2025-10-29,157,Sophia Evans,Birmingham,Headphones,Electronics,1,71.99,Card
100510,2025-05-29,234,Amelia Scott,Bristol,Desk Lamp,Furniture,2,39.99,Card
100511,2025-12-18,69,Amelia Clarke,Sheffield,Webcam,Accessories,5,59.99,Card
100512,2025-04-07,85,Daniel Johnson,London,Desk Chair,Furniture,1,170.99,PayPal
100513,2025-03-09,109,Thomas Evans,Leeds,Laptop,Electronics,2,854.99,Card
100514,2025-12-31,20,George Clarke,Birmingham,Desk Chair,Furniture,3,179.99,PayPal
100515,2025-11-16,25,Mia Walker,Bristol,Laptop,Electronics,2,944.99,PayPal
100516,2025-01-25,60,Charlie Scott,Liverpool,Desk Chair,Furniture,1,161.99,Card
100517,2025-08-31,79,Amelia Wright,Nottingham,Mouse,Accessories,2,26.24,Card
100518,2025-08-04,52,Mia Taylor,Birmingham,Desk Lamp,Furniture,1,39.99,PayPal
100519,2025-08-03,54,Jack Hill,Sheffield,Desk Lamp,Furniture,2,35.99,Card
100520,2025-02-24,255,Mia Young,Liverpool,Mouse,Accessories,2,27.49,Card
100521,2025-09-25,104,Lily Hill,London,Webcam,Accessories,2,59.99,Card
100522,2025-10-08,255,Mia Young,Liverpool,Mouse,Accessories,2,24.99,Card
100523,2025-01-02,7,Mia Evans,Sheffield,Monitor,Electronics,4,241.99,Card
100524,2025-09-10,77,Sarah Scott,London,Monitor,Electronics,3,197.99,PayPal
100525,2025-02-21,132,Jack Clarke,Sheffield,Mouse,Accessories,1,24.99,Card
100526,2025-01-26,52,Mia Taylor,Birmingham,Headphones,Electronics,3,87.99,Card
100527,2025-12-13,161,Harry Wright,Sheffield,Desk Chair,Furniture,2,161.99,PayPal
100528,2025-01-24,5,James Brown,Liverpool,Headphones,Electronics,2,75.99,Card
100529,2025-08-13,138,Lily Hill,Manchester,Monitor,Electronics,1,219.99,Card
100530,2025-07-25,205,Olivia Green,Manchester,Desk,Furniture,1,249.99,PayPal
100531,2025-09-02,216,Olivia Hill,Leeds,Headphones,Electronics,1,83.99,PayPal
100532,2025-03-23,54,Jack Hill,Sheffield,Desk Chair,Furniture,4,179.99,PayPal
100533,2025-12-14,225,Thomas Roberts,Leeds,Headphones,Electronics,2,87.99,Card
100534,2025-01-15,67,Sophia Wright,Sheffield,Desk,Furniture,4,224.99,PayPal
100535,2025-08-14,24,George Lewis,Leeds,Monitor,Electronics,1,219.99,Card
100536,2025-12-14,269,David Roberts,Birmingham,Mouse,Accessories,5,26.24,PayPal
100537,2025-09-23,268,Amelia Wilson,Liverpool,Monitor,Electronics,1,230.99,Card
100538,2025-06-27,198,Grace Walker,Manchester,Headphones,Electronics,3,79.99,PayPal
100539,2025-11-10,28,Michael Evans,Bristol,Laptop,Electronics,2,854.99,Card
100540,2025-08-29,254,Michael Walker,Manchester,Headphones,Electronics,1,79.99,Card
100541,2025-06-19,143,Thomas Baker,Bristol,Laptop,Electronics,2,899.99,PayPal
100542,2025-07-26,121,Emma Clarke,Sheffield,Monitor,Electronics,1,241.99,Card
100543,2025-02-15,256,Noah Lewis,Nottingham,Desk,Furniture,1,249.99,PayPal
100544,2025-01-10,53,Isla Scott,Birmingham,Desk Chair,Furniture,1,179.99,Card
100545,2025-02-16,156,Michael Walker,Leeds,Desk Lamp,Furniture,2,41.99,PayPal
100546,2025-06-24,187,Harry Hall,Sheffield,Laptop,Electronics,3,989.99,Card
100547,2025-10-14,243,Emily Smith,Birmingham,Webcam,Accessories,2,53.99,Card
100548,2025-12-04,114,Olivia King,Sheffield,Laptop,Electronics,1,989.99,PayPal
100549,2025-05-30,281,Jack Thomas,Sheffield,Desk Lamp,Furniture,1,35.99,Card
100550,2025-03-26,253,David Adams,Leeds,Headphones,Electronics,3,83.99,PayPal
100551,2025-02-24,131,Thomas Roberts,Manchester,Mouse,Accessories,1,27.49,Card
100552,2025-08-23,98,George Baker,Manchester,Webcam,Accessories,1,59.99,Card
100553,2025-11-21,64,Michael Hill,Liverpool,Desk,Furniture,1,249.99,Bank Transfer
100554,2025-03-10,256,Noah Lewis,Nottingham,Laptop,Electronics,2,809.99,Card
100555,2025-08-10,300,Emma Taylor,Nottingham,Desk,Furniture,4,274.99,Bank Transfer
100556,2025-04-01,297,Olivia Green,London,Headphones,Electronics,2,75.99,Card
100557,2025-12-03,165,Sarah Scott,Liverpool,Desk Lamp,Furniture,3,39.99,Bank Transfer
100558,2025-12-21,128,Daniel King,Bristol,Keyboard,Accessories,1,49.99,Bank Transfer
100559,2025-08-20,69,Amelia Clarke,Sheffield,Headphones,Electronics,1,83.99,PayPal
100560,2025-09-20,154,Olivia Brown,Leeds,Desk Lamp,Furniture,3,41.99,PayPal
100561,2025-10-11,112,Jack Johnson,London,Mouse,Accessories,1,26.24,Card
100562,2025-06-26,68,Daniel Wilson,Manchester,Headphones,Electronics,2,83.99,PayPal
100563,2025-12-30,60,Charlie Scott,Liverpool,Webcam,Accessories,2,59.99,Card
100564,2025-12-08,214,Emma Young,Bristol,Desk Lamp,Furniture,1,43.99,Card
100565,2025-01-07,268,Amelia Wilson,Liverpool,Monitor,Electronics,1,208.99,Card
100566,2025-01-29,103,George Scott,Leeds,Keyboard,Accessories,3,47.49,Bank Transfer
100567,2025-12-16,129,Emily Walker,Liverpool,Headphones,Electronics,3,83.99,PayPal
100568,2025-04-15,278,Charlie Adams,London,Laptop,Electronics,1,899.99,Card
100569,2025-12-12,288,Jack Hall,Manchester,Mouse,Accessories,2,24.99,Card
100570,2025-09-19,148,Olivia Baker,Leeds,Laptop,Electronics,4,899.99,Card
100571,2025-12-17,161,Harry Wright,Sheffield,Desk Lamp,Furniture,1,41.99,Card
100572,2025-11-14,227,Michael Walker,Sheffield,Mouse,Accessories,4,26.24,PayPal
100573,2025-07-08,280,Olivia Wright,Nottingham,Mouse,Accessories,3,23.74,Card
100574,2025-04-01,39,Emma Scott,Leeds,Headphones,Electronics,5,83.99,Card
100575,2025-07-13,21,Grace Clarke,Liverpool,Desk Chair,Furniture,1,179.99,Card
100576,2025-10-27,131,Thomas Roberts,Manchester,Laptop,Electronics,1,944.99,Bank Transfer
100577,2025-01-21,79,Amelia Wright,Nottingham,Webcam,Accessories,2,65.99,Bank Transfer
100578,2025-11-12,155,Noah Baker,Bristol,Desk,Furniture,3,249.99,Card
100579,2025-12-29,163,Emma Young,Liverpool,Desk Lamp,Furniture,1,37.99,Card
100580,2025-09-16,82,Harry Roberts,Nottingham,Desk Chair,Furniture,2,179.99,Card
100581,2025-04-24,110,Noah Wright,Leeds,Webcam,Accessories,1,59.99,Card
100582,2025-11-13,272,George Wilson,Nottingham,Desk,Furniture,5,274.99,PayPal
100583,2025-11-29,5,James Brown,Liverpool,Monitor,Electronics,2,219.99,Card
100584,2025-11-25,125,Amelia Walker,Leeds,Laptop,Electronics,2,899.99,Card
100585,2025-02-28,198,Grace Walker,Manchester,Keyboard,Accessories,2,49.99,Card
100586,2025-09-22,192,George Thomas,London,Desk Lamp,Furniture,3,39.99,Card
100587,2025-06-01,99,Michael Scott,Liverpool,Webcam,Accessories,2,53.99,Card
100588,2025-10-03,274,Noah Scott,Nottingham,Laptop,Electronics,2,854.99,PayPal
100589,2025-04-20,218,George Young,Leeds,Monitor,Electronics,1,241.99,PayPal
100590,2025-08-11,37,Harry Lewis,Nottingham,Headphones,Electronics,1,83.99,Card
100591,2025-02-14,38,Noah Roberts,London,Laptop,Electronics,1,899.99,Card
100592,2025-10-22,117,Grace Adams,Birmingham,Keyboard,Accessories,1,49.99,PayPal
100593,2025-08-10,162,Sophia Taylor,London,Laptop,Electronics,1,809.99,Card
100594,2025-11-25,33,Grace Walker,Birmingham,Laptop,Electronics,2,809.99,Card
100595,2025-09-15,55,Daniel Scott,Liverpool,Keyboard,Accessories,3,49.99,PayPal
100596,2025-05-25,225,Thomas Roberts,Leeds,Desk Chair,Furniture,1,188.99,Card
100597,2025-03-22,274,Noah Scott,Nottingham,Mouse,Accessories,1,24.99,PayPal
100598,2025-10-07,152,George King,Nottingham,Headphones,Electronics,1,87.99,PayPal
100599,2025-11-28,192,George Thomas,London,Laptop,Electronics,2,899.99,Card
100600,2025-01-22,3,Emma Scott,Manchester,Desk Chair,Furniture,2,161.99,Card
100601,2025-06-26,109,Thomas Evans,Leeds,Desk Chair,Furniture,4,197.99,Card
100602,2025-03-24,95,Sophia Roberts,Sheffield,Mouse,Accessories,2,24.99,Card
100603,2025-04-03,291,Sarah Evans,Bristol,Laptop,Electronics,3,899.99,Card
100604,2025-10-09,38,Noah Roberts,London,Keyboard,Accessories,2,49.99,Card
100605,2025-10-25,250,Isla Wilson,Manchester,Webcam,Accessories,1,62.99,PayPal
100606,2025-02-21,146,Emily Scott,Birmingham,Monitor,Electronics,4,219.99,Card
100607,2025-06-18,157,Sophia Evans,Birmingham,Headphones,Electronics,2,79.99,PayPal
100608,2025-08-08,87,Charlie Wright,Birmingham,Laptop,Electronics,1,989.99,Card
100609,2025-11-25,224,Daniel Clarke,Leeds,Keyboard,Accessories,3,47.49,PayPal
100610,2025-06-19,246,Isla Wilson,London,Desk,Furniture,1,274.99,Card
100611,2025-10-10,56,Emily Lewis,Bristol,Headphones,Electronics,2,71.99,PayPal
100612,2025-03-13,276,Amelia Hall,Leeds,Mouse,Accessories,1,26.24,Card
100613,2025-02-08,10,Thomas Roberts,Birmingham,Desk Lamp,Furniture,2,43.99,Card
100614,2025-07-27,109,Thomas Evans,Leeds,Laptop,Electronics,2,899.99,PayPal
100615,2025-10-04,242,Sophia Clarke,Birmingham,Headphones,Electronics,1,75.99,PayPal
100616,2025-10-29,149,Harry Scott,London,Headphones,Electronics,1,79.99,Card
100617,2025-07-06,258,Emily Adams,London,Laptop,Electronics,2,989.99,Bank Transfer
100618,2025-11-11,85,Daniel Johnson,London,Desk Lamp,Furniture,1,37.99,Card
100619,2025-10-17,75,Jack King,Liverpool,Desk,Furniture,4,224.99,Card
100620,2025-09-07,119,Emily Clarke,London,Monitor,Electronics,1,208.99,Card
100621,2025-04-16,266,Emily King,Manchester,Webcam,Accessories,1,59.99,PayPal
100622,2025-01-21,166,Emma King,Birmingham,Monitor,Electronics,2,219.99,PayPal
100623,2025-05-21,135,Charlie Roberts,London,Desk Lamp,Furniture,2,39.99,PayPal
100624,2025-07-07,40,Thomas Wilson,Leeds,Desk Lamp,Furniture,1,37.99,Card
100625,2025-06-30,177,David Evans,Manchester,Desk,Furniture,3,249.99,Card
100626,2025-03-13,226,Mia Smith,Liverpool,Headphones,Electronics,1,79.99,PayPal
100627,2025-04-19,77,Sarah Scott,London,Headphones,Electronics,1,79.99,PayPal
100628,2025-03-02,118,Amelia Taylor,London,Desk Chair,Furniture,3,188.99,Card
100629,2025-12-12,246,Isla Wilson,London,Desk,Furniture,1,237.49,PayPal
100630,2025-07-30,12,Michael Lewis,Manchester,Mouse,Accessories,1,24.99,Card
100631,2025-03-10,263,James Young,Nottingham,Laptop,Electronics,4,854.99,Card
100632,2025-05-13,93,Charlie Adams,Bristol,Desk Lamp,Furniture,4,39.99,Bank Transfer
100633,2025-11-23,10,Thomas Roberts,Birmingham,Keyboard,Accessories,4,47.49,Card
100634,2025-08-30,247,Charlie Green,Nottingham,Headphones,Electronics,1,79.99,PayPal
100635,2025-10-26,94,Jack Evans,Bristol,Desk Lamp,Furniture,1,41.99,PayPal
100636,2025-08-21,36,Olivia Young,Manchester,Mouse,Accessories,1,23.74,Card
100637,2025-04-14,268,Amelia Wilson,Liverpool,Desk Lamp,Furniture,2,43.99,Card
100638,2025-02-19,91,Charlie Walker,London,Desk,Furniture,4,249.99,Card
100639,2025-09-30,258,Emily Adams,London,Monitor,Electronics,1,230.99,Card
100640,2025-11-05,277,James Brown,Liverpool,Laptop,Electronics,4,989.99,PayPal
100641,2025-08-09,268,Amelia Wilson,Liverpool,Desk Chair,Furniture,1,161.99,PayPal
100642,2025-08-08,118,Amelia Taylor,London,Desk,Furniture,3,249.99,Card
100643,2025-12-23,295,George Wright,Manchester,Monitor,Electronics,1,219.99,Card
100644,2025-04-30,43,Noah Wilson,Leeds,Keyboard,Accessories,2,49.99,Card
100645,2025-04-07,3,Emma Scott,Manchester,Laptop,Electronics,2,809.99,Card
100646,2025-07-12,106,David Roberts,Manchester,Webcam,Accessories,1,53.99,Card
100647,2025-11-30,300,Emma Taylor,Nottingham,Keyboard,Accessories,1,49.99,Card
100648,2025-07-07,142,Grace Young,Manchester,Desk Chair,Furniture,3,179.99,Card
100649,2025-10-13,248,Isla King,Bristol,Headphones,Electronics,1,79.99,Card
100650,2025-06-07,296,James Baker,Liverpool,Webcam,Accessories,3,59.99,PayPal
100651,2025-12-04,61,Charlie Walker,London,Mouse,Accessories,1,26.24,Bank Transfer
100652,2025-02-21,110,Noah Wright,Leeds,Desk Lamp,Furniture,1,39.99,PayPal
100653,2025-11-11,27,Thomas Lewis,Leeds,Headphones,Electronics,1,83.99,Card
100654,2025-02-16,75,Jack King,Liverpool,Desk,Furniture,4,249.99,Card
100655,2025-05-15,114,Olivia King,Sheffield,Webcam,Accessories,1,53.99,PayPal
100656,2025-07-25,267,Sophia Roberts,Liverpool,Keyboard,Accessories,2,49.99,Card
100657,2025-03-31,254,Michael Walker,Manchester,Desk,Furniture,1,274.99,PayPal
100658,2025-09-23,147,Daniel Young,Sheffield,Mouse,Accessories,1,24.99,Card
100659,2025-12-24,119,Emily Clarke,London,Headphones,Electronics,2,79.99,Card
100660,2025-01-01,81,Olivia Lewis,London,Monitor,Electronics,5,241.99,Card
100661,2025-12-09,203,George Roberts,Bristol,Desk Chair,Furniture,2,179.99,Card
100662,2025-12-27,36,Olivia Young,Manchester,Monitor,Electronics,2,230.99,PayPal
100663,2025-10-26,179,Mia King,Sheffield,Webcam,Accessories,5,59.99,Card
100664,2025-04-10,233,Isla Scott,Bristol,Desk Chair,Furniture,2,179.99,Card
100665,2025-09-17,55,Daniel Scott,Liverpool,Desk Lamp,Furniture,1,39.99,Card
100666,2025-03-01,263,James Young,Nottingham,Keyboard,Accessories,3,54.99,PayPal
100667,2025-05-09,227,Michael Walker,Sheffield,Desk Chair,Furniture,2,197.99,Card
100668,2025-06-23,235,Grace King,Leeds,Desk,Furniture,4,274.99,Card
100669,2025-03-01,133,Mia Hall,London,Monitor,Electronics,1,241.99,Bank Transfer
100670,2025-12-13,118,Amelia Taylor,London,Webcam,Accessories,1,59.99,Card
100671,2025-01-05,135,Charlie Roberts,London,Mouse,Accessories,1,24.99,PayPal
100672,2025-06-25,39,Emma Scott,Leeds,Desk Lamp,Furniture,4,39.99,Card
100673,2025-04-22,294,Mia Taylor,Leeds,Keyboard,Accessories,1,52.49,PayPal
100674,2025-04-08,256,Noah Lewis,Nottingham,Mouse,Accessories,1,23.74,PayPal
100675,2025-04-16,118,Amelia Taylor,London,Mouse,Accessories,3,27.49,PayPal
100676,2025-03-21,55,Daniel Scott,Liverpool,Monitor,Electronics,4,230.99,Bank Transfer
100677,2025-09-10,4,Charlie Young,London,Desk Lamp,Furniture,4,43.99,Card
100678,2025-11-14,162,Sophia Taylor,London,Desk,Furniture,4,249.99,PayPal
100679,2025-09-09,94,Jack Evans,Bristol,Desk Lamp,Furniture,1,37.99,PayPal
100680,2025-03-07,28,Michael Evans,Bristol,Desk Lamp,Furniture,3,39.99,Bank Transfer
100681,2025-01-17,258,Emily Adams,London,Webcam,Accessories,1,62.99,PayPal
100682,2025-08-23,62,Michael Johnson,Liverpool,Desk Lamp,Furniture,1,41.99,Card
100683,2025-12-12,108,Jack Green,Liverpool,Desk Chair,Furniture,2,179.99,Card
100684,2025-05-13,96,David Green,Nottingham,Desk Lamp,Furniture,1,39.99,Card
100685,2025-11-10,176,David Walker,Sheffield,Webcam,Accessories,1,59.99,Card
100686,2025-12-25,191,Michael Young,Birmingham,Webcam,Accessories,3,59.99,Card
100687,2025-10-20,68,Daniel Wilson,Manchester,Mouse,Accessories,3,26.24,Card
100688,2025-05-01,285,Thomas Young,Nottingham,Desk Chair,Furniture,3,170.99,Card
100689,2025-03-18,243,Emily Smith,Birmingham,Laptop,Electronics,1,899.99,Card
100690,2025-11-19,265,Sarah Walker,Leeds,Desk Lamp,Furniture,2,43.99,Card
100691,2025-05-09,288,Jack Hall,Manchester,Laptop,Electronics,1,944.99,Card
100692,2025-04-21,131,Thomas Roberts,Manchester,Desk,Furniture,3,224.99,Card
100693,2025-06-21,134,Emma Roberts,Birmingham,Webcam,Accessories,1,59.99,Bank Transfer
100694,2025-05-12,177,David Evans,Manchester,Laptop,Electronics,1,899.99,PayPal
100695,2025-11-07,102,Grace Green,Birmingham,Desk Lamp,Furniture,1,43.99,Card
100696,2025-06-16,262,Mia Brown,Birmingham,Desk,Furniture,3,249.99,PayPal
100697,2025-07-15,147,Daniel Young,Sheffield,Desk,Furniture,2,237.49,PayPal
100698,2025-11-24,173,Michael Green,Liverpool,Desk Chair,Furniture,2,179.99,Card
100699,2025-02-06,41,Amelia Thomas,Nottingham,Headphones,Electronics,1,79.99,Card
100700,2025-05-30,137,Grace Hall,Sheffield,Desk Chair,Furniture,1,179.99,PayPal
100701,2025-07-05,267,Sophia Roberts,Liverpool,Desk,Furniture,1,237.49,PayPal
100702,2025-03-06,121,Emma Clarke,Sheffield,Keyboard,Accessories,4,52.49,PayPal
100703,2025-04-18,86,Thomas Johnson,London,Desk Chair,Furniture,1,161.99,Bank Transfer
100704,2025-08-31,281,Jack Thomas,Sheffield,Laptop,Electronics,1,899.99,Card
100705,2025-02-12,54,Jack Hill,Sheffield,Keyboard,Accessories,2,44.99,PayPal
100706,2025-07-19,159,Isla Baker,Manchester,Mouse,Accessories,1,24.99,Card
100707,2025-03-06,68,Daniel Wilson,Manchester,Desk Lamp,Furniture,3,35.99,Card
100708,2025-07-02,167,George Hill,Bristol,Desk,Furniture,1,274.99,Card
100709,2025-05-20,281,Jack Thomas,Sheffield,Desk,Furniture,1,262.49,Card
100710,2025-10-30,234,Amelia Scott,Bristol,Desk Chair,Furniture,2,188.99,Card
100711,2025-06-27,247,Charlie Green,Nottingham,Desk Lamp,Furniture,1,35.99,Card
100712,2025-07-07,212,Michael Hill,Bristol,Keyboard,Accessories,1,44.99,Card
100713,2025-03-11,177,David Evans,Manchester,Keyboard,Accessories,1,44.99,PayPal
100714,2025-09-09,245,Mia Green,Birmingham,Keyboard,Accessories,1,49.99,PayPal
100715,2025-11-02,119,Emily Clarke,London,Laptop,Electronics,2,854.99,Card
100716,2025-10-15,224,Daniel Clarke,Leeds,Desk Chair,Furniture,1,188.99,PayPal
100717,2025-07-19,194,Daniel King,Bristol,Mouse,Accessories,1,24.99,PayPal
100718,2025-09-22,140,Jack Johnson,Sheffield,Keyboard,Accessories,2,49.99,PayPal
100719,2025-07-31,97,Thomas Brown,London,Monitor,Electronics,1,219.99,Card
100720,2025-08-22,232,Emily Adams,Bristol,Keyboard,Accessories,2,49.99,Card
100721,2025-01-10,78,Michael Walker,Birmingham,Laptop,Electronics,5,809.99,Card
100722,2025-02-22,145,Amelia Hall,Sheffield,Keyboard,Accessories,1,49.99,PayPal
100723,2025-04-30,47,Lily Hall,Nottingham,Headphones,Electronics,1,75.99,Card
100724,2025-06-09,256,Noah Lewis,Nottingham,Webcam,Accessories,1,65.99,Card
100725,2025-02-11,75,Jack King,Liverpool,Laptop,Electronics,1,899.99,Card
100726,2025-08-29,93,Charlie Adams,Bristol,Mouse,Accessories,4,24.99,PayPal
100727,2025-01-07,63,Michael Johnson,Bristol,Mouse,Accessories,1,24.99,Card
100728,2025-01-18,102,Grace Green,Birmingham,Desk,Furniture,2,224.99,Card
100729,2025-04-17,243,Emily Smith,Birmingham,Desk Chair,Furniture,2,179.99,Bank Transfer
100730,2025-03-23,22,Jack Brown,Birmingham,Desk Lamp,Furniture,2,39.99,Card
100731,2025-06-02,102,Grace Green,Birmingham,Webcam,Accessories,3,65.99,PayPal
100732,2025-02-27,121,Emma Clarke,Sheffield,Desk Chair,Furniture,1,170.99,PayPal
100733,2025-10-27,62,Michael Johnson,Liverpool,Desk Chair,Furniture,3,161.99,Bank Transfer
100734,2025-10-25,244,Jack Johnson,London,Headphones,Electronics,1,71.99,Card
100735,2025-09-13,47,Lily Hall,Nottingham,Webcam,Accessories,4,65.99,PayPal
100736,2025-01-31,183,James Clarke,Leeds,Headphones,Electronics,2,87.99,Card
100737,2025-09-07,120,Grace Evans,Liverpool,Webcam,Accessories,5,65.99,PayPal
100738,2025-06-27,225,Thomas Roberts,Leeds,Mouse,Accessories,1,24.99,Card
100739,2025-03-10,129,Emily Walker,Liverpool,Laptop,Electronics,2,899.99,Card
100740,2025-10-05,251,Harry Wright,Manchester,Mouse,Accessories,2,24.99,Card
100741,2025-08-28,141,James Hill,Liverpool,Desk Lamp,Furniture,1,39.99,Card
100742,2025-06-01,135,Charlie Roberts,London,Desk Lamp,Furniture,1,35.99,PayPal
100743,2025-09-17,195,Thomas Lewis,Leeds,Headphones,Electronics,3,79.99,PayPal
100744,2025-11-14,123,Olivia Thomas,Sheffield,Webcam,Accessories,2,62.99,Bank Transfer
100745,2025-07-18,98,George Baker,Manchester,Desk Lamp,Furniture,2,43.99,Card
100746,2025-11-10,145,Amelia Hall,Sheffield,Webcam,Accessories,1,59.99,Card
100747,2025-09-25,35,Sarah Wilson,Birmingham,Laptop,Electronics,3,854.99,Card
100748,2025-01-17,104,Lily Hill,London,Monitor,Electronics,2,197.99,Card
100749,2025-11-25,199,Sarah Smith,Liverpool,Desk,Furniture,2,262.49,Card
100750,2025-01-26,188,Olivia King,Birmingham,Mouse,Accessories,2,22.49,Card
100751,2025-04-17,252,Charlie Johnson,Birmingham,Monitor,Electronics,1,230.99,Card
100752,2025-10-13,213,James Young,Nottingham,Webcam,Accessories,3,53.99,PayPal
100753,2025-05-17,271,Emily Baker,Leeds,Laptop,Electronics,2,989.99,Card
100754,2025-04-21,266,Emily King,Manchester,Monitor,Electronics,1,208.99,Card
100755,2025-04-08,99,Michael Scott,Liverpool,Desk Lamp,Furniture,2,39.99,PayPal
100756,2025-04-02,286,Emily Lewis,London,Desk Lamp,Furniture,1,35.99,PayPal
100757,2025-10-23,184,Harry Young,Liverpool,Desk,Furniture,2,249.99,PayPal
100758,2025-03-27,93,Charlie Adams,Bristol,Desk Lamp,Furniture,1,39.99,PayPal
100759,2025-10-01,227,Michael Walker,Sheffield,Webcam,Accessories,4,59.99,Bank Transfer
100760,2025-06-16,191,Michael Young,Birmingham,Desk Chair,Furniture,3,179.99,PayPal
100761,2025-06-15,124,James Thomas,Bristol,Desk Lamp,Furniture,1,43.99,Card
100762,2025-05-11,185,Isla Walker,Leeds,Desk,Furniture,1,249.99,Card
100763,2025-01-18,146,Emily Scott,Birmingham,Laptop,Electronics,2,899.99,Card
100764,2025-04-24,110,Noah Wright,Leeds,Webcam,Accessories,1,65.99,Bank Transfer
100765,2025-05-22,284,Thomas Wilson,Birmingham,Desk Lamp,Furniture,2,39.99,Card
100766,2025-01-20,236,Emily Roberts,Liverpool,Webcam,Accessories,1,59.99,Card
100767,2025-10-26,128,Daniel King,Bristol,Mouse,Accessories,1,24.99,Card
100768,2025-07-24,292,Lily Wright,Nottingham,Mouse,Accessories,2,26.24,Card
100769,2025-09-05,89,Olivia Brown,Manchester,Desk,Furniture,3,262.49,PayPal
100770,2025-02-18,154,Olivia Brown,Leeds,Laptop,Electronics,2,899.99,Card
100771,2025-01-29,172,Sophia Roberts,Nottingham,Webcam,Accessories,3,59.99,Card
100772,2025-03-03,117,Grace Adams,Birmingham,Laptop,Electronics,2,944.99,Card
100773,2025-06-06,269,David Roberts,Birmingham,Laptop,Electronics,1,899.99,Card
100774,2025-09-15,114,Olivia King,Sheffield,Headphones,Electronics,1,83.99,Bank Transfer
100775,2025-08-17,295,George Wright,Manchester,Desk Lamp,Furniture,1,39.99,Card
100776,2025-07-21,76,Michael King,Manchester,Headphones,Electronics,1,79.99,Card
100777,2025-01-26,281,Jack Thomas,Sheffield,Desk Chair,Furniture,1,179.99,Card
100778,2025-12-24,67,Sophia Wright,Sheffield,Headphones,Electronics,2,75.99,Card
100779,2025-11-30,293,Sarah Evans,Leeds,Mouse,Accessories,2,26.24,Card
100780,2025-05-05,37,Harry Lewis,Nottingham,Keyboard,Accessories,3,49.99,PayPal
100781,2025-10-22,46,Mia Hill,London,Monitor,Electronics,2,219.99,Card
100782,2025-04-08,165,Sarah Scott,Liverpool,Webcam,Accessories,2,53.99,PayPal
100783,2025-03-28,180,Sarah Evans,Sheffield,Desk,Furniture,2,249.99,Card
100784,2025-04-30,103,George Scott,Leeds,Webcam,Accessories,1,62.99,PayPal
100785,2025-02-27,28,Michael Evans,Bristol,Mouse,Accessories,4,23.74,PayPal
100786,2025-05-28,8,Sophia King,Leeds,Webcam,Accessories,2,53.99,Card
100787,2025-08-30,12,Michael Lewis,Manchester,Webcam,Accessories,1,59.99,Card
100788,2025-10-07,268,Amelia Wilson,Liverpool,Keyboard,Accessories,2,49.99,PayPal
100789,2025-03-14,10,Thomas Roberts,Birmingham,Desk Chair,Furniture,2,188.99,Card
100790,2025-05-11,88,Sarah Hill,Manchester,Laptop,Electronics,1,989.99,PayPal
100791,2025-05-19,28,Michael Evans,Bristol,Desk,Furniture,2,224.99,Card
100792,2025-12-05,139,Harry Adams,Liverpool,Webcam,Accessories,3,53.99,Card
100793,2025-11-29,198,Grace Walker,Manchester,Mouse,Accessories,5,24.99,Bank Transfer
100794,2025-02-20,162,Sophia Taylor,London,Desk,Furniture,3,249.99,Card
100795,2025-04-12,257,George Green,Sheffield,Desk,Furniture,2,262.49,Card
100796,2025-05-07,272,George Wilson,Nottingham,Keyboard,Accessories,1,49.99,PayPal
100797,2025-01-10,178,Amelia Young,Bristol,Webcam,Accessories,1,59.99,Card
100798,2025-09-14,142,Grace Young,Manchester,Laptop,Electronics,2,899.99,PayPal
100799,2025-01-16,285,Thomas Young,Nottingham,Keyboard,Accessories,1,49.99,PayPal
100800,2025-12-03,71,Emma Johnson,Sheffield,Monitor,Electronics,2,219.99,Bank Transfer
100801,2025-11-10,117,Grace Adams,Birmingham,Desk Chair,Furniture,1,170.99,Card
100802,2025-06-09,169,Mia King,Birmingham,Desk,Furniture,2,237.49,PayPal
100803,2025-10-25,278,Charlie Adams,London,Mouse,Accessories,3,24.99,PayPal
100804,2025-09-26,70,Amelia King,London,Desk Chair,Furniture,5,197.99,Card
100805,2025-10-17,81,Olivia Lewis,London,Webcam,Accessories,1,59.99,Bank Transfer
100806,2025-03-02,95,Sophia Roberts,Sheffield,Webcam,Accessories,3,56.99,PayPal
100807,2025-06-13,212,Michael Hill,Bristol,Desk Chair,Furniture,1,188.99,Bank Transfer
100808,2025-11-23,141,James Hill,Liverpool,Headphones,Electronics,3,71.99,Card
100809,2025-01-14,137,Grace Hall,Sheffield,Mouse,Accessories,2,23.74,PayPal
100810,2025-07-03,41,Amelia Thomas,Nottingham,Desk,Furniture,1,274.99,PayPal
100811,2025-12-31,192,George Thomas,London,Headphones,Electronics,3,79.99,Card
100812,2025-03-25,99,Michael Scott,Liverpool,Mouse,Accessories,1,27.49,Bank Transfer
100813,2025-05-19,212,Michael Hill,Bristol,Mouse,Accessories,2,23.74,PayPal
100814,2025-02-03,91,Charlie Walker,London,Desk,Furniture,3,249.99,PayPal
100815,2025-08-23,127,Sarah Wright,Liverpool,Desk Chair,Furniture,1,161.99,PayPal
100816,2025-07-14,161,Harry Wright,Sheffield,Desk Chair,Furniture,2,188.99,Card
100817,2025-10-02,269,David Roberts,Birmingham,Laptop,Electronics,2,899.99,Card
100818,2025-01-22,126,Olivia Wilson,Sheffield,Desk Lamp,Furniture,2,41.99,Card
100819,2025-07-18,265,Sarah Walker,Leeds,Laptop,Electronics,1,899.99,Card
100820,2025-06-05,147,Daniel Young,Sheffield,Desk,Furniture,1,249.99,PayPal
100821,2025-01-28,265,Sarah Walker,Leeds,Headphones,Electronics,1,83.99,Card
100822,2025-09-14,58,Emma Walker,Liverpool,Headphones,Electronics,3,83.99,Card
100823,2025-07-21,212,Michael Hill,Bristol,Webcam,Accessories,1,56.99,Card
100824,2025-12-31,104,Lily Hill,London,Desk,Furniture,1,249.99,PayPal
100825,2025-12-31,84,David Evans,Leeds,Monitor,Electronics,1,230.99,Card
100826,2025-07-05,44,Noah Baker,Liverpool,Desk Lamp,Furniture,2,41.99,PayPal
100827,2025-09-19,82,Harry Roberts,Nottingham,Desk Chair,Furniture,2,161.99,PayPal
100828,2025-06-21,290,Mia King,Sheffield,Headphones,Electronics,1,75.99,Card
100829,2025-12-31,27,Thomas Lewis,Leeds,Desk Chair,Furniture,1,188.99,PayPal
100830,2025-08-17,148,Olivia Baker,Leeds,Headphones,Electronics,1,75.99,Bank Transfer
100831,2025-01-02,130,James Evans,Sheffield,Laptop,Electronics,1,989.99,Card
100832,2025-01-03,253,David Adams,Leeds,Mouse,Accessories,1,26.24,Card
100833,2025-07-29,227,Michael Walker,Sheffield,Monitor,Electronics,2,197.99,Card
100834,2025-10-08,143,Thomas Baker,Bristol,Desk Lamp,Furniture,3,37.99,Card
100835,2025-03-17,29,Daniel Wright,Sheffield,Webcam,Accessories,1,65.99,Card
100836,2025-10-23,153,Daniel Hill,Nottingham,Webcam,Accessories,4,53.99,Card
100837,2025-04-02,83,Emily Young,Nottingham,Keyboard,Accessories,2,52.49,PayPal
100838,2025-10-21,288,Jack Hall,Manchester,Headphones,Electronics,5,83.99,Card
100839,2025-01-19,48,James Wilson,Bristol,Keyboard,Accessories,1,49.99,PayPal
100840,2025-08-07,282,Isla Brown,Nottingham,Monitor,Electronics,1,208.99,Card
100841,2025-05-21,169,Mia King,Birmingham,Desk Lamp,Furniture,1,37.99,PayPal
100842,2025-11-10,30,George Taylor,Leeds,Monitor,Electronics,2,230.99,Card
100843,2025-02-14,248,Isla King,Bristol,Keyboard,Accessories,1,54.99,Card
100844,2025-09-27,295,George Wright,Manchester,Webcam,Accessories,4,59.99,Card
100845,2025-09-24,255,Mia Young,Liverpool,Desk,Furniture,3,249.99,Card
100846,2025-05-29,100,Noah Roberts,Birmingham,Laptop,Electronics,1,899.99,PayPal
100847,2025-03-02,107,Emma Scott,Birmingham,Desk Chair,Furniture,1,179.99,Card
100848,2025-11-23,109,Thomas Evans,Leeds,Laptop,Electronics,2,944.99,Card
100849,2025-02-04,158,James Johnson,Liverpool,Keyboard,Accessories,2,49.99,PayPal
100850,2025-02-28,171,Sophia Roberts,Nottingham,Webcam,Accessories,1,59.99,PayPal
100851,2025-01-15,90,Sophia Lewis,Manchester,Mouse,Accessories,1,24.99,Bank Transfer
100852,2025-09-03,243,Emily Smith,Birmingham,Laptop,Electronics,2,899.99,Card
100853,2025-08-24,275,George Brown,London,Webcam,Accessories,1,65.99,Card
100854,2025-01-29,267,Sophia Roberts,Liverpool,Keyboard,Accessories,2,52.49,Card
100855,2025-10-02,10,Thomas Roberts,Birmingham,Mouse,Accessories,2,24.99,PayPal
100856,2025-07-01,34,Noah Wright,Manchester,Headphones,Electronics,1,71.99,Card
100857,2025-07-12,274,Noah Scott,Nottingham,Headphones,Electronics,2,79.99,Card
100858,2025-03-01,158,James Johnson,Liverpool,Webcam,Accessories,2,59.99,Card
100859,2025-09-12,122,Lily Taylor,Liverpool,Webcam,Accessories,1,59.99,Card
100860,2025-06-04,90,Sophia Lewis,Manchester,Monitor,Electronics,1,197.99,PayPal
100861,2025-02-17,228,Isla Scott,Liverpool,Desk Lamp,Furniture,1,39.99,Bank Transfer
100862,2025-03-20,98,George Baker,Manchester,Webcam,Accessories,4,62.99,PayPal
100863,2025-06-08,168,George Baker,Sheffield,Headphones,Electronics,3,71.99,PayPal
100864,2025-09-22,68,Daniel Wilson,Manchester,Mouse,Accessories,2,24.99,Card
100865,2025-09-25,60,Charlie Scott,Liverpool,Laptop,Electronics,1,809.99,PayPal
100866,2025-11-01,45,David Clarke,Birmingham,Webcam,Accessories,1,53.99,Card
100867,2025-12-04,160,George Young,Liverpool,Laptop,Electronics,2,899.99,PayPal
100868,2025-04-18,165,Sarah Scott,Liverpool,Mouse,Accessories,1,24.99,Card
100869,2025-08-14,61,Charlie Walker,London,Keyboard,Accessories,1,49.99,Card
100870,2025-11-15,287,George Brown,Bristol,Desk Lamp,Furniture,1,39.99,Card
100871,2025-06-13,139,Harry Adams,Liverpool,Headphones,Electronics,4,87.99,Card
100872,2025-05-06,88,Sarah Hill,Manchester,Monitor,Electronics,1,219.99,Card
100873,2025-01-26,67,Sophia Wright,Sheffield,Laptop,Electronics,1,944.99,Card
100874,2025-07-16,28,Michael Evans,Bristol,Monitor,Electronics,1,208.99,PayPal
100875,2025-10-31,229,Isla Wright,Nottingham,Webcam,Accessories,1,65.99,Card
100876,2025-12-10,274,Noah Scott,Nottingham,Monitor,Electronics,5,241.99,PayPal
100877,2025-10-18,68,Daniel Wilson,Manchester,Monitor,Electronics,3,230.99,Card
100878,2025-08-22,159,Isla Baker,Manchester,Desk,Furniture,1,237.49,Card
100879,2025-11-12,133,Mia Hall,London,Webcam,Accessories,1,62.99,Bank Transfer
100880,2025-06-19,167,George Hill,Bristol,Desk,Furniture,2,224.99,Card
100881,2025-06-29,246,Isla Wilson,London,Desk,Furniture,3,249.99,PayPal
100882,2025-11-06,295,George Wright,Manchester,Headphones,Electronics,2,79.99,PayPal
100883,2025-02-24,167,George Hill,Bristol,Desk Lamp,Furniture,2,43.99,Card
100884,2025-08-25,206,Charlie Smith,Leeds,Desk Chair,Furniture,1,170.99,Card
100885,2025-09-04,197,Isla Smith,London,Monitor,Electronics,1,241.99,PayPal
100886,2025-08-09,223,Thomas Thomas,Nottingham,Webcam,Accessories,2,56.99,Card
100887,2025-12-09,40,Thomas Wilson,Leeds,Desk,Furniture,1,249.99,Card
100888,2025-10-12,50,Sophia Adams,Manchester,Desk,Furniture,1,249.99,Card
100889,2025-02-25,195,Thomas Lewis,Leeds,Webcam,Accessories,2,62.99,Card
100890,2025-04-22,72,Thomas Wilson,Liverpool,Laptop,Electronics,3,944.99,Card
100891,2025-09-30,150,Emily Green,Liverpool,Desk Chair,Furniture,2,179.99,Card
100892,2025-12-15,163,Emma Young,Liverpool,Keyboard,Accessories,2,52.49,Card
100893,2025-08-11,177,David Evans,Manchester,Monitor,Electronics,2,219.99,Bank Transfer
100894,2025-07-26,66,Mia Taylor,Nottingham,Keyboard,Accessories,1,49.99,Bank Transfer
100895,2025-01-01,287,George Brown,Bristol,Webcam,Accessories,1,59.99,PayPal
100896,2025-05-01,222,Thomas Smith,Nottingham,Desk Chair,Furniture,2,188.99,Card
100897,2025-07-15,223,Thomas Thomas,Nottingham,Desk Lamp,Furniture,1,37.99,Card
100898,2025-04-07,285,Thomas Young,Nottingham,Desk Chair,Furniture,3,179.99,PayPal
100899,2025-03-20,148,Olivia Baker,Leeds,Headphones,Electronics,1,71.99,PayPal
100900,2025-03-15,250,Isla Wilson,Manchester,Desk Chair,Furniture,5,170.99,Card
100901,2025-11-25,213,James Young,Nottingham,Desk,Furniture,4,262.49,PayPal
100902,2025-08-06,93,Charlie Adams,Bristol,Desk,Furniture,2,249.99,PayPal
100903,2025-07-16,182,Charlie Lewis,Nottingham,Mouse,Accessories,1,24.99,Card
100904,2025-09-13,122,Lily Taylor,Liverpool,Desk Lamp,Furniture,1,39.99,Card
100905,2025-01-18,20,George Clarke,Birmingham,Desk,Furniture,2,224.99,Card
100906,2025-12-20,41,Amelia Thomas,Nottingham,Headphones,Electronics,2,79.99,Bank Transfer
100907,2025-05-24,239,Daniel Evans,Nottingham,Desk Lamp,Furniture,1,39.99,Card
100908,2025-08-30,40,Thomas Wilson,Leeds,Desk Lamp,Furniture,3,39.99,PayPal
100909,2025-06-25,274,Noah Scott,Nottingham,Laptop,Electronics,1,899.99,Bank Transfer
100910,2025-10-21,170,Isla King,Leeds,Desk Chair,Furniture,1,197.99,Card
100911,2025-03-27,19,Emma Lewis,Leeds,Keyboard,Accessories,2,49.99,Card
100912,2025-11-19,243,Emily Smith,Birmingham,Headphones,Electronics,2,83.99,Bank Transfer
100913,2025-11-16,14,Sarah King,Manchester,Keyboard,Accessories,2,47.49,Card
100914,2025-05-23,130,James Evans,Sheffield,Headphones,Electronics,2,79.99,PayPal
100915,2025-01-08,58,Emma Walker,Liverpool,Headphones,Electronics,4,83.99,Card
100916,2025-08-17,190,Harry Adams,London,Headphones,Electronics,1,83.99,Card
100917,2025-04-03,271,Emily Baker,Leeds,Laptop,Electronics,1,809.99,Bank Transfer
100918,2025-11-01,79,Amelia Wright,Nottingham,Desk,Furniture,3,249.99,PayPal
100919,2025-05-02,226,Mia Smith,Liverpool,Headphones,Electronics,1,83.99,PayPal
100920,2025-01-28,136,Emma Baker,Sheffield,Monitor,Electronics,1,219.99,Card
100921,2025-06-04,244,Jack Johnson,London,Desk Lamp,Furniture,1,41.99,PayPal
100922,2025-08-31,135,Charlie Roberts,London,Headphones,Electronics,2,79.99,Card
100923,2025-08-18,196,Amelia Roberts,Manchester,Webcam,Accessories,5,62.99,Bank Transfer
100924,2025-02-19,273,Emily Lewis,Leeds,Webcam,Accessories,4,59.99,PayPal
100925,2025-11-30,140,Jack Johnson,Sheffield,Webcam,Accessories,1,65.99,Card
100926,2025-12-02,300,Emma Taylor,Nottingham,Desk Chair,Furniture,1,188.99,PayPal
100927,2025-12-11,100,Noah Roberts,Birmingham,Desk Lamp,Furniture,1,41.99,Bank Transfer
100928,2025-06-10,281,Jack Thomas,Sheffield,Laptop,Electronics,2,989.99,Card
100929,2025-07-30,51,Michael Wright,Manchester,Desk Lamp,Furniture,1,39.99,Card
100930,2025-05-26,129,Emily Walker,Liverpool,Mouse,Accessories,1,24.99,Card
100931,2025-11-01,112,Jack Johnson,London,Monitor,Electronics,2,197.99,Card
100932,2025-11-06,67,Sophia Wright,Sheffield,Desk Chair,Furniture,2,188.99,Card
100933,2025-04-05,57,George Hill,Nottingham,Headphones,Electronics,1,79.99,PayPal
100934,2025-02-08,233,Isla Scott,Bristol,Keyboard,Accessories,3,52.49,Bank Transfer
100935,2025-06-15,132,Jack Clarke,Sheffield,Headphones,Electronics,3,79.99,PayPal
100936,2025-07-15,199,Sarah Smith,Liverpool,Webcam,Accessories,5,59.99,Bank Transfer
100937,2025-05-16,92,Lily Brown,Sheffield,Desk,Furniture,1,237.49,PayPal
100938,2025-04-02,252,Charlie Johnson,Birmingham,Monitor,Electronics,1,241.99,Card
100939,2025-11-11,55,Daniel Scott,Liverpool,Desk,Furniture,2,224.99,Card
100940,2025-02-06,293,Sarah Evans,Leeds,Keyboard,Accessories,3,44.99,PayPal
100941,2025-03-18,1,Emma Smith,Leeds,Laptop,Electronics,2,899.99,Card
100942,2025-06-18,201,Sophia Taylor,Nottingham,Laptop,Electronics,2,989.99,Card
100943,2025-08-12,207,Charlie Lewis,Sheffield,Monitor,Electronics,2,197.99,Card
100944,2025-12-19,247,Charlie Green,Nottingham,Monitor,Electronics,2,219.99,Card
100945,2025-06-05,206,Charlie Smith,Leeds,Laptop,Electronics,2,944.99,Card
100946,2025-10-01,175,Mia Brown,Birmingham,Monitor,Electronics,3,241.99,PayPal
100947,2025-11-28,104,Lily Hill,London,Headphones,Electronics,2,79.99,PayPal
100948,2025-06-03,200,Daniel Smith,Birmingham,Monitor,Electronics,2,219.99,Card
100949,2025-11-20,225,Thomas Roberts,Leeds,Mouse,Accessories,1,23.74,Card
100950,2025-10-31,123,Olivia Thomas,Sheffield,Desk,Furniture,1,274.99,Card
100951,2025-06-07,256,Noah Lewis,Nottingham,Desk Lamp,Furniture,5,43.99,Card
100952,2025-01-09,19,Emma Lewis,Leeds,Webcam,Accessories,1,65.99,PayPal
100953,2025-07-27,61,Charlie Walker,London,Mouse,Accessories,3,26.24,Card
100954,2025-12-14,275,George Brown,London,Headphones,Electronics,2,75.99,Bank Transfer
100955,2025-01-19,73,Daniel Evans,Nottingham,Desk,Furniture,2,249.99,Bank Transfer
100956,2025-11-13,24,George Lewis,Leeds,Mouse,Accessories,2,23.74,Card
100957,2025-11-20,26,Sarah Walker,London,Keyboard,Accessories,3,44.99,Card
100958,2025-03-29,33,Grace Walker,Birmingham,Monitor,Electronics,1,219.99,PayPal
100959,2025-04-23,33,Grace Walker,Birmingham,Mouse,Accessories,1,27.49,PayPal
100960,2025-12-14,206,Charlie Smith,Leeds,Webcam,Accessories,1,62.99,Card
100961,2025-03-12,165,Sarah Scott,Liverpool,Mouse,Accessories,3,24.99,Card
100962,2025-02-02,62,Michael Johnson,Liverpool,Keyboard,Accessories,1,49.99,Card
100963,2025-07-09,284,Thomas Wilson,Birmingham,Headphones,Electronics,1,79.99,Card
100964,2025-02-21,193,Jack Lewis,Bristol,Headphones,Electronics,1,79.99,Card
100965,2025-01-04,92,Lily Brown,Sheffield,Monitor,Electronics,2,219.99,PayPal
100966,2025-08-02,244,Jack Johnson,London,Headphones,Electronics,1,83.99,Card
100967,2025-08-19,211,Mia Young,Bristol,Mouse,Accessories,4,24.99,PayPal
100968,2025-11-02,93,Charlie Adams,Bristol,Desk,Furniture,2,224.99,PayPal
100969,2025-06-04,179,Mia King,Sheffield,Desk Chair,Furniture,1,170.99,Card
100970,2025-09-29,49,Emily Walker,London,Webcam,Accessories,3,59.99,Card
100971,2025-08-26,107,Emma Scott,Birmingham,Keyboard,Accessories,1,44.99,PayPal
100972,2025-12-17,243,Emily Smith,Birmingham,Desk,Furniture,1,262.49,Bank Transfer
100973,2025-01-28,187,Harry Hall,Sheffield,Keyboard,Accessories,1,49.99,Card
100974,2025-08-21,23,Mia Walker,Birmingham,Monitor,Electronics,2,219.99,Card
100975,2025-01-15,249,Olivia Johnson,Leeds,Desk Lamp,Furniture,1,37.99,PayPal
100976,2025-10-31,297,Olivia Green,London,Webcam,Accessories,1,62.99,PayPal
100977,2025-06-16,118,Amelia Taylor,London,Monitor,Electronics,1,197.99,Card
100978,2025-07-31,103,George Scott,Leeds,Desk Chair,Furniture,4,161.99,Card
100979,2025-09-06,28,Michael Evans,Bristol,Desk Chair,Furniture,1,179.99,Card
100980,2025-07-18,192,George Thomas,London,Headphones,Electronics,1,75.99,PayPal
100981,2025-05-19,104,Lily Hill,London,Webcam,Accessories,1,62.99,Card
100982,2025-05-24,70,Amelia King,London,Monitor,Electronics,3,219.99,Card
100983,2025-06-25,113,Thomas Taylor,Leeds,Keyboard,Accessories,2,54.99,PayPal
100984,2025-11-10,88,Sarah Hill,Manchester,Desk Lamp,Furniture,3,35.99,Card
100985,2025-09-25,251,Harry Wright,Manchester,Mouse,Accessories,2,27.49,Card
100986,2025-01-08,220,Jack King,Liverpool,Mouse,Accessories,1,24.99,Card
100987,2025-10-30,77,Sarah Scott,London,Laptop,Electronics,1,809.99,Card
100988,2025-08-29,259,Lily Wilson,Liverpool,Laptop,Electronics,1,899.99,Card
100989,2025-12-23,51,Michael Wright,Manchester,Desk,Furniture,2,224.99,Card
100990,2025-01-07,209,Emma Green,Manchester,Mouse,Accessories,1,24.99,Card
100991,2025-02-16,9,James Thomas,Sheffield,Desk,Furniture,2,237.49,PayPal
100992,2025-10-20,299,Sophia Wilson,Nottingham,Laptop,Electronics,5,899.99,PayPal
100993,2025-12-27,208,Daniel Brown,Liverpool,Headphones,Electronics,3,79.99,PayPal
100994,2025-12-27,1,Emma Smith,Leeds,Monitor,Electronics,1,230.99,Card
100995,2025-01-17,152,George King,Nottingham,Desk Chair,Furniture,3,188.99,Bank Transfer
100996,2025-10-05,295,George Wright,Manchester,Mouse,Accessories,3,22.49,PayPal
100997,2025-06-21,29,Daniel Wright,Sheffield,Desk Lamp,Furniture,4,41.99,Card
100998,2025-01-27,57,George Hill,Nottingham,Desk Chair,Furniture,1,179.99,Card
100999,2025-07-07,90,Sophia Lewis,Manchester,Desk Lamp,Furniture,2,39.99,PayPal
101000,2025-04-15,71,Emma Johnson,Sheffield,Webcam,Accessories,1,53.99,PayPal
101001,2025-10-25,108,Jack Green,Liverpool,Mouse,Accessories,1,24.99,Card
101002,2025-08-05,142,Grace Young,Manchester,Laptop,Electronics,1,899.99,Card
101003,2025-09-14,270,Michael Johnson,Birmingham,Monitor,Electronics,1,219.99,PayPal
101004,2025-09-30,150,Emily Green,Liverpool,Desk,Furniture,2,274.99,PayPal
101005,2025-12-21,34,Noah Wright,Manchester,Mouse,Accessories,4,24.99,Card
101006,2025-07-20,92,Lily Brown,Sheffield,Keyboard,Accessories,4,44.99,Card
101007,2025-05-22,58,Emma Walker,Liverpool,Headphones,Electronics,2,87.99,Card
101008,2025-11-18,12,Michael Lewis,Manchester,Keyboard,Accessories,1,52.49,Card
101009,2025-03-09,243,Emily Smith,Birmingham,Webcam,Accessories,1,62.99,PayPal
101010,2025-05-30,97,Thomas Brown,London,Monitor,Electronics,1,241.99,Card
101011,2025-09-24,172,Sophia Roberts,Nottingham,Desk Chair,Furniture,2,188.99,PayPal
101012,2025-06-17,249,Olivia Johnson,Leeds,Desk Lamp,Furniture,3,39.99,Card
101013,2025-10-18,68,Daniel Wilson,Manchester,Keyboard,Accessories,1,49.99,Card
101014,2025-07-10,148,Olivia Baker,Leeds,Laptop,Electronics,1,899.99,Card
101015,2025-03-27,83,Emily Young,Nottingham,Desk Lamp,Furniture,1,37.99,PayPal
101016,2025-12-21,79,Amelia Wright,Nottingham,Headphones,Electronics,1,71.99,Bank Transfer
101017,2025-10-22,65,Jack Wright,Liverpool,Desk,Furniture,1,237.49,Card
101018,2025-12-29,18,Emily Brown,Liverpool,Webcam,Accessories,5,56.99,Card
101019,2025-10-04,84,David Evans,Leeds,Desk Lamp,Furniture,1,35.99,Card
101020,2025-09-13,75,Jack King,Liverpool,Desk,Furniture,4,237.49,Card
101021,2025-10-07,260,Daniel Roberts,Manchester,Webcam,Accessories,2,59.99,Card
101022,2025-05-29,294,Mia Taylor,Leeds,Headphones,Electronics,3,83.99,Bank Transfer
101023,2025-08-15,174,Jack Hall,Bristol,Monitor,Electronics,2,197.99,Card
101024,2025-10-10,60,Charlie Scott,Liverpool,Keyboard,Accessories,1,49.99,PayPal
101025,2025-08-17,183,James Clarke,Leeds,Monitor,Electronics,1,219.99,PayPal
101026,2025-10-26,270,Michael Johnson,Birmingham,Mouse,Accessories,3,27.49,Card
101027,2025-01-12,43,Noah Wilson,Leeds,Desk Lamp,Furniture,3,41.99,PayPal
101028,2025-02-14,263,James Young,Nottingham,Desk Chair,Furniture,1,179.99,PayPal
101029,2025-09-19,29,Daniel Wright,Sheffield,Webcam,Accessories,1,62.99,PayPal
101030,2025-07-09,198,Grace Walker,Manchester,Webcam,Accessories,1,59.99,Card
101031,2025-08-17,288,Jack Hall,Manchester,Monitor,Electronics,1,219.99,PayPal
101032,2025-08-01,227,Michael Walker,Sheffield,Keyboard,Accessories,1,52.49,Bank Transfer
101033,2025-08-06,213,James Young,Nottingham,Headphones,Electronics,3,79.99,Card
101034,2025-04-17,156,Michael Walker,Leeds,Desk,Furniture,5,249.99,Bank Transfer
101035,2025-02-03,193,Jack Lewis,Bristol,Monitor,Electronics,1,230.99,Bank Transfer
101036,2025-08-01,90,Sophia Lewis,Manchester,Desk Lamp,Furniture,1,39.99,PayPal
101037,2025-03-12,103,George Scott,Leeds,Headphones,Electronics,3,79.99,Card
101038,2025-01-22,155,Noah Baker,Bristol,Keyboard,Accessories,2,52.49,Card
101039,2025-01-14,2,Sophia Walker,Birmingham,Headphones,Electronics,1,83.99,PayPal
101040,2025-08-30,64,Michael Hill,Liverpool,Keyboard,Accessories,1,49.99,Bank Transfer
101041,2025-11-27,126,Olivia Wilson,Sheffield,Laptop,Electronics,1,899.99,Card
101042,2025-02-04,186,Amelia Wright,London,Desk,Furniture,2,274.99,Card
101043,2025-12-18,244,Jack Johnson,London,Monitor,Electronics,1,230.99,Card
101044,2025-05-13,84,David Evans,Leeds,Laptop,Electronics,1,899.99,PayPal
101045,2025-03-11,183,James Clarke,Leeds,Headphones,Electronics,1,79.99,Card
101046,2025-07-02,25,Mia Walker,Bristol,Keyboard,Accessories,1,52.49,Bank Transfer
101047,2025-09-21,100,Noah Roberts,Birmingham,Headphones,Electronics,3,79.99,PayPal
101048,2025-10-06,166,Emma King,Birmingham,Webcam,Accessories,3,62.99,PayPal
101049,2025-05-19,186,Amelia Wright,London,Monitor,Electronics,2,219.99,PayPal
101050,2025-01-07,71,Emma Johnson,Sheffield,Desk Lamp,Furniture,1,43.99,Card
101051,2025-06-24,84,David Evans,Leeds,Monitor,Electronics,1,219.99,Card
101052,2025-04-07,287,George Brown,Bristol,Desk Lamp,Furniture,3,41.99,Card
101053,2025-02-28,214,Emma Young,Bristol,Desk,Furniture,4,224.99,PayPal
101054,2025-01-09,246,Isla Wilson,London,Webcam,Accessories,1,59.99,Card
101055,2025-08-15,268,Amelia Wilson,Liverpool,Webcam,Accessories,1,59.99,Card
101056,2025-03-02,114,Olivia King,Sheffield,Headphones,Electronics,3,75.99,PayPal
101057,2025-06-07,65,Jack Wright,Liverpool,Mouse,Accessories,1,22.49,Card
101058,2025-02-27,40,Thomas Wilson,Leeds,Laptop,Electronics,3,989.99,Card
101059,2025-04-11,56,Emily Lewis,Bristol,Laptop,Electronics,3,899.99,Card
101060,2025-08-29,61,Charlie Walker,London,Keyboard,Accessories,1,49.99,PayPal
101061,2025-02-19,64,Michael Hill,Liverpool,Mouse,Accessories,2,23.74,Card
101062,2025-06-29,15,Harry Brown,Leeds,Monitor,Electronics,1,230.99,Bank Transfer
101063,2025-10-24,179,Mia King,Sheffield,Webcam,Accessories,1,59.99,PayPal
101064,2025-11-10,124,James Thomas,Bristol,Desk Lamp,Furniture,2,35.99,PayPal
101065,2025-01-08,271,Emily Baker,Leeds,Mouse,Accessories,2,24.99,Card
101066,2025-10-03,3,Emma Scott,Manchester,Monitor,Electronics,4,219.99,PayPal
101067,2025-09-01,188,Olivia King,Birmingham,Headphones,Electronics,1,71.99,Card
101068,2025-07-01,195,Thomas Lewis,Leeds,Desk Chair,Furniture,1,170.99,Card
101069,2025-06-10,64,Michael Hill,Liverpool,Desk,Furniture,1,237.49,Card
101070,2025-07-04,148,Olivia Baker,Leeds,Desk Lamp,Furniture,2,35.99,Card
101071,2025-03-01,198,Grace Walker,Manchester,Keyboard,Accessories,1,52.49,Card
101072,2025-08-16,116,Michael Taylor,London,Desk Lamp,Furniture,1,43.99,Card
101073,2025-02-05,244,Jack Johnson,London,Webcam,Accessories,1,62.99,Card
101074,2025-02-23,203,George Roberts,Bristol,Desk,Furniture,2,262.49,Card
101075,2025-03-15,203,George Roberts,Bristol,Desk Chair,Furniture,2,161.99,PayPal
101076,2025-03-28,34,Noah Wright,Manchester,Webcam,Accessories,5,59.99,Card
101077,2025-07-26,63,Michael Johnson,Bristol,Mouse,Accessories,3,26.24,Card
101078,2025-10-25,140,Jack Johnson,Sheffield,Desk Chair,Furniture,1,188.99,PayPal
101079,2025-07-27,249,Olivia Johnson,Leeds,Desk Lamp,Furniture,1,43.99,Card
101080,2025-03-04,129,Emily Walker,Liverpool,Desk,Furniture,2,262.49,Bank Transfer
101081,2025-01-16,51,Michael Wright,Manchester,Laptop,Electronics,3,899.99,PayPal
101082,2025-04-02,196,Amelia Roberts,Manchester,Webcam,Accessories,1,59.99,PayPal
101083,2025-02-09,267,Sophia Roberts,Liverpool,Desk,Furniture,3,237.49,Card
101084,2025-09-12,252,Charlie Johnson,Birmingham,Desk Lamp,Furniture,1,39.99,PayPal
101085,2025-10-04,280,Olivia Wright,Nottingham,Laptop,Electronics,4,809.99,Bank Transfer
101086,2025-03-02,197,Isla Smith,London,Desk,Furniture,1,249.99,Card
101087,2025-01-19,17,Michael Johnson,Liverpool,Headphones,Electronics,2,87.99,PayPal
101088,2025-12-28,85,Daniel Johnson,London,Desk,Furniture,1,249.99,PayPal
101089,2025-09-07,57,George Hill,Nottingham,Desk,Furniture,2,262.49,Card
101090,2025-08-29,244,Jack Johnson,London,Desk Lamp,Furniture,3,39.99,Card
101091,2025-05-15,254,Michael Walker,Manchester,Desk Chair,Furniture,2,179.99,PayPal
101092,2025-05-26,165,Sarah Scott,Liverpool,Laptop,Electronics,1,809.99,Card
101093,2025-07-07,179,Mia King,Sheffield,Laptop,Electronics,3,944.99,Card
101094,2025-02-19,220,Jack King,Liverpool,Webcam,Accessories,5,59.99,Card
101095,2025-12-05,126,Olivia Wilson,Sheffield,Mouse,Accessories,1,24.99,Card
101096,2025-12-19,34,Noah Wright,Manchester,Keyboard,Accessories,1,47.49,Card
101097,2025-06-16,20,George Clarke,Birmingham,Desk,Furniture,2,249.99,Card
101098,2025-08-04,137,Grace Hall,Sheffield,Laptop,Electronics,2,899.99,Card
101099,2025-06-12,194,Daniel King,Bristol,Desk Chair,Furniture,1,161.99,PayPal
101100,2025-02-21,106,David Roberts,Manchester,Webcam,Accessories,2,65.99,PayPal
101101,2025-06-23,86,Thomas Johnson,London,Keyboard,Accessories,1,49.99,Card
101102,2025-11-22,39,Emma Scott,Leeds,Desk Lamp,Furniture,1,39.99,Card
101103,2025-10-21,206,Charlie Smith,Leeds,Mouse,Accessories,2,22.49,PayPal
101104,2025-10-24,49,Emily Walker,London,Webcam,Accessories,1,59.99,PayPal
101105,2025-09-01,219,Thomas Walker,Manchester,Mouse,Accessories,1,22.49,PayPal
101106,2025-06-04,259,Lily Wilson,Liverpool,Keyboard,Accessories,1,49.99,Card
101107,2025-08-01,206,Charlie Smith,Leeds,Keyboard,Accessories,2,49.99,PayPal
101108,2025-10-08,93,Charlie Adams,Bristol,Laptop,Electronics,2,899.99,PayPal
101109,2025-10-23,256,Noah Lewis,Nottingham,Mouse,Accessories,2,27.49,PayPal
101110,2025-08-28,138,Lily Hill,Manchester,Desk Lamp,Furniture,3,43.99,PayPal
101111,2025-08-11,290,Mia King,Sheffield,Laptop,Electronics,2,899.99,Card
101112,2025-05-04,78,Michael Walker,Birmingham,Keyboard,Accessories,3,49.99,Card
101113,2025-02-02,105,Mia Green,Manchester,Desk Chair,Furniture,1,179.99,PayPal
101114,2025-05-12,121,Emma Clarke,Sheffield,Desk Chair,Furniture,1,170.99,Card
101115,2025-05-06,159,Isla Baker,Manchester,Desk,Furniture,2,249.99,Card
101116,2025-01-19,104,Lily Hill,London,Headphones,Electronics,1,71.99,Card
101117,2025-05-23,282,Isla Brown,Nottingham,Headphones,Electronics,2,71.99,Bank Transfer
101118,2025-09-06,11,Daniel Hall,Manchester,Laptop,Electronics,3,809.99,Card
101119,2025-06-02,33,Grace Walker,Birmingham,Desk Chair,Furniture,4,188.99,PayPal
101120,2025-02-16,204,Olivia Baker,Manchester,Headphones,Electronics,1,79.99,PayPal
101121,2025-03-03,268,Amelia Wilson,Liverpool,Desk Lamp,Furniture,1,35.99,Card
101122,2025-03-04,161,Harry Wright,Sheffield,Webcam,Accessories,3,62.99,Card
101123,2025-05-01,217,Lily Scott,Nottingham,Mouse,Accessories,1,23.74,Card
101124,2025-05-21,226,Mia Smith,Liverpool,Desk Chair,Furniture,1,179.99,Card
101125,2025-10-01,192,George Thomas,London,Monitor,Electronics,1,219.99,Card
101126,2025-05-07,143,Thomas Baker,Bristol,Headphones,Electronics,1,83.99,Card
101127,2025-06-07,11,Daniel Hall,Manchester,Laptop,Electronics,3,944.99,PayPal
101128,2025-01-28,123,Olivia Thomas,Sheffield,Keyboard,Accessories,2,49.99,PayPal
101129,2025-12-25,186,Amelia Wright,London,Monitor,Electronics,2,208.99,PayPal
101130,2025-07-18,5,James Brown,Liverpool,Desk Chair,Furniture,4,179.99,Card
101131,2025-05-01,153,Daniel Hill,Nottingham,Mouse,Accessories,3,23.74,Bank Transfer
101132,2025-11-20,163,Emma Young,Liverpool,Desk Chair,Furniture,3,179.99,PayPal
101133,2025-09-09,242,Sophia Clarke,Birmingham,Desk Chair,Furniture,4,179.99,PayPal
101134,2025-02-21,83,Emily Young,Nottingham,Keyboard,Accessories,2,49.99,Card
101135,2025-10-08,168,George Baker,Sheffield,Desk,Furniture,2,274.99,Card
101136,2025-11-25,95,Sophia Roberts,Sheffield,Desk,Furniture,3,237.49,Card
101137,2025-04-13,157,Sophia Evans,Birmingham,Webcam,Accessories,2,53.99,Card
101138,2025-09-22,67,Sophia Wright,Sheffield,Desk Chair,Furniture,3,179.99,Card
101139,2025-03-10,134,Emma Roberts,Birmingham,Headphones,Electronics,2,87.99,Card
101140,2025-05-25,102,Grace Green,Birmingham,Monitor,Electronics,1,208.99,Card
101141,2025-07-13,293,Sarah Evans,Leeds,Mouse,Accessories,1,22.49,Bank Transfer
101142,2025-11-28,118,Amelia Taylor,London,Monitor,Electronics,5,208.99,Card
101143,2025-03-28,26,Sarah Walker,London,Desk Chair,Furniture,2,179.99,Card
101144,2025-02-15,189,Lily Scott,London,Headphones,Electronics,4,71.99,Card
101145,2025-09-27,223,Thomas Thomas,Nottingham,Desk,Furniture,3,249.99,Card
101146,2025-04-15,98,George Baker,Manchester,Keyboard,Accessories,1,49.99,Card
101147,2025-08-09,106,David Roberts,Manchester,Mouse,Accessories,5,24.99,PayPal
101148,2025-04-07,215,George Taylor,Sheffield,Headphones,Electronics,1,75.99,Card
101149,2025-05-15,121,Emma Clarke,Sheffield,Desk,Furniture,4,249.99,Card
101150,2025-11-28,235,Grace King,Leeds,Monitor,Electronics,1,208.99,PayPal
101151,2025-12-21,204,Olivia Baker,Manchester,Mouse,Accessories,2,26.24,Card
101152,2025-11-02,132,Jack Clarke,Sheffield,Monitor,Electronics,1,197.99,Card
101153,2025-05-01,242,Sophia Clarke,Birmingham,Webcam,Accessories,5,62.99,Bank Transfer
101154,2025-11-03,24,George Lewis,Leeds,Laptop,Electronics,1,899.99,Card
101155,2025-07-22,190,Harry Adams,London,Headphones,Electronics,5,79.99,Card
101156,2025-04-02,134,Emma Roberts,Birmingham,Headphones,Electronics,2,79.99,PayPal
101157,2025-03-09,46,Mia Hill,London,Webcam,Accessories,2,59.99,Card
101158,2025-03-01,161,Harry Wright,Sheffield,Laptop,Electronics,5,899.99,PayPal
101159,2025-05-24,185,Isla Walker,Leeds,Desk Chair,Furniture,1,179.99,PayPal
101160,2025-05-16,265,Sarah Walker,Leeds,Webcam,Accessories,1,56.99,Card
101161,2025-09-09,78,Michael Walker,Birmingham,Desk Lamp,Furniture,3,41.99,PayPal
101162,2025-08-14,28,Michael Evans,Bristol,Mouse,Accessories,1,23.74,Card
101163,2025-08-29,134,Emma Roberts,Birmingham,Headphones,Electronics,2,79.99,Card
101164,2025-09-11,21,Grace Clarke,Liverpool,Desk,Furniture,1,262.49,Card
101165,2025-08-23,253,David Adams,Leeds,Monitor,Electronics,3,241.99,Card
101166,2025-06-28,48,James Wilson,Bristol,Mouse,Accessories,3,23.74,PayPal
101167,2025-09-18,140,Jack Johnson,Sheffield,Mouse,Accessories,2,22.49,Card
101168,2025-10-20,93,Charlie Adams,Bristol,Desk Chair,Furniture,4,170.99,PayPal
101169,2025-12-13,49,Emily Walker,London,Webcam,Accessories,1,62.99,Bank Transfer
101170,2025-03-04,202,Emma Adams,Liverpool,Webcam,Accessories,2,53.99,PayPal
101171,2025-03-20,15,Harry Brown,Leeds,Monitor,Electronics,1,230.99,PayPal
101172,2025-08-21,138,Lily Hill,Manchester,Laptop,Electronics,1,809.99,PayPal
101173,2025-08-20,167,George Hill,Bristol,Headphones,Electronics,1,71.99,PayPal
101174,2025-05-25,166,Emma King,Birmingham,Laptop,Electronics,2,899.99,Bank Transfer
101175,2025-07-15,48,James Wilson,Bristol,Desk Chair,Furniture,1,170.99,Bank Transfer
101176,2025-07-24,46,Mia Hill,London,Laptop,Electronics,3,854.99,Card
101177,2025-07-26,146,Emily Scott,Birmingham,Headphones,Electronics,1,79.99,PayPal
101178,2025-06-08,68,Daniel Wilson,Manchester,Webcam,Accessories,2,65.99,Card
101179,2025-04-13,251,Harry Wright,Manchester,Desk,Furniture,3,249.99,Card
101180,2025-11-04,217,Lily Scott,Nottingham,Monitor,Electronics,3,241.99,Card
101181,2025-04-06,223,Thomas Thomas,Nottingham,Desk Chair,Furniture,1,179.99,Card
101182,2025-08-26,115,Mia Smith,Manchester,Headphones,Electronics,4,79.99,PayPal
101183,2025-09-26,43,Noah Wilson,Leeds,Keyboard,Accessories,1,44.99,Bank Transfer
101184,2025-09-02,154,Olivia Brown,Leeds,Headphones,Electronics,5,83.99,Bank Transfer
101185,2025-05-08,268,Amelia Wilson,Liverpool,Desk Chair,Furniture,1,161.99,Card
101186,2025-01-24,263,James Young,Nottingham,Monitor,Electronics,2,219.99,Card
101187,2025-12-05,292,Lily Wright,Nottingham,Keyboard,Accessories,1,49.99,Card
101188,2025-09-15,9,James Thomas,Sheffield,Monitor,Electronics,2,219.99,Card
101189,2025-04-04,202,Emma Adams,Liverpool,Laptop,Electronics,1,944.99,Card
101190,2025-10-28,233,Isla Scott,Bristol,Desk,Furniture,2,249.99,Card
101191,2025-04-06,109,Thomas Evans,Leeds,Headphones,Electronics,1,79.99,Card
101192,2025-12-11,55,Daniel Scott,Liverpool,Desk Chair,Furniture,2,161.99,Card
101193,2025-01-07,88,Sarah Hill,Manchester,Desk,Furniture,1,249.99,PayPal
101194,2025-11-05,250,Isla Wilson,Manchester,Keyboard,Accessories,2,49.99,Card
101195,2025-12-11,203,George Roberts,Bristol,Keyboard,Accessories,1,47.49,Card
101196,2025-02-27,9,James Thomas,Sheffield,Mouse,Accessories,3,23.74,Card
101197,2025-03-16,124,James Thomas,Bristol,Desk Chair,Furniture,3,197.99,PayPal
101198,2025-04-08,45,David Clarke,Birmingham,Keyboard,Accessories,3,47.49,Card
101199,2025-01-12,60,Charlie Scott,Liverpool,Headphones,Electronics,4,83.99,PayPal
101200,2025-09-06,242,Sophia Clarke,Birmingham,Laptop,Electronics,3,899.99,Card
101201,2025-05-31,292,Lily Wright,Nottingham,Desk Chair,Furniture,1,161.99,Card
101202,2025-08-10,213,James Young,Nottingham,Desk,Furniture,2,249.99,PayPal
101203,2025-05-29,19,Emma Lewis,Leeds,Desk,Furniture,1,249.99,Card
101204,2025-11-10,250,Isla Wilson,Manchester,Mouse,Accessories,2,24.99,Card
101205,2025-10-23,162,Sophia Taylor,London,Desk Lamp,Furniture,1,41.99,Card
101206,2025-08-31,60,Charlie Scott,Liverpool,Desk,Furniture,2,262.49,Card
101207,2025-12-24,224,Daniel Clarke,Leeds,Laptop,Electronics,1,944.99,Card
101208,2025-06-26,225,Thomas Roberts,Leeds,Mouse,Accessories,2,24.99,Bank Transfer
101209,2025-06-23,240,Jack Adams,Leeds,Headphones,Electronics,3,83.99,PayPal
101210,2025-08-02,185,Isla Walker,Leeds,Desk,Furniture,3,274.99,Card
101211,2025-04-17,145,Amelia Hall,Sheffield,Monitor,Electronics,2,208.99,Card
101212,2025-03-22,252,Charlie Johnson,Birmingham,Monitor,Electronics,3,219.99,Card
101213,2025-04-18,286,Emily Lewis,London,Laptop,Electronics,5,899.99,PayPal
101214,2025-07-02,82,Harry Roberts,Nottingham,Headphones,Electronics,3,79.99,Card
101215,2025-02-02,173,Michael Green,Liverpool,Desk Chair,Furniture,1,170.99,Card
101216,2025-04-25,250,Isla Wilson,Manchester,Keyboard,Accessories,5,54.99,Card
101217,2025-01-24,286,Emily Lewis,London,Keyboard,Accessories,4,54.99,PayPal
101218,2025-09-21,54,Jack Hill,Sheffield,Laptop,Electronics,4,899.99,PayPal
101219,2025-02-26,55,Daniel Scott,Liverpool,Monitor,Electronics,3,197.99,Card
101220,2025-03-27,61,Charlie Walker,London,Mouse,Accessories,4,23.74,PayPal
101221,2025-12-29,227,Michael Walker,Sheffield,Desk Lamp,Furniture,2,43.99,Card
101222,2025-11-28,187,Harry Hall,Sheffield,Webcam,Accessories,3,53.99,PayPal
101223,2025-08-13,213,James Young,Nottingham,Laptop,Electronics,1,989.99,Card
101224,2025-05-27,259,Lily Wilson,Liverpool,Headphones,Electronics,1,79.99,PayPal
101225,2025-08-01,185,Isla Walker,Leeds,Mouse,Accessories,1,27.49,Card
101226,2025-04-27,71,Emma Johnson,Sheffield,Desk Chair,Furniture,1,179.99,PayPal
101227,2025-09-22,186,Amelia Wright,London,Laptop,Electronics,1,989.99,Card
101228,2025-09-22,36,Olivia Young,Manchester,Monitor,Electronics,1,219.99,Bank Transfer
101229,2025-03-26,223,Thomas Thomas,Nottingham,Laptop,Electronics,1,809.99,PayPal
101230,2025-11-25,78,Michael Walker,Birmingham,Laptop,Electronics,5,944.99,PayPal
101231,2025-09-24,152,George King,Nottingham,Desk Chair,Furniture,1,188.99,PayPal
101232,2025-06-05,161,Harry Wright,Sheffield,Webcam,Accessories,1,59.99,Bank Transfer
101233,2025-11-09,76,Michael King,Manchester,Desk Chair,Furniture,1,170.99,PayPal
101234,2025-11-16,227,Michael Walker,Sheffield,Webcam,Accessories,3,65.99,PayPal
101235,2025-04-12,155,Noah Baker,Bristol,Monitor,Electronics,1,219.99,Card
101236,2025-03-06,267,Sophia Roberts,Liverpool,Desk Lamp,Furniture,1,35.99,Card
101237,2025-06-09,267,Sophia Roberts,Liverpool,Webcam,Accessories,3,56.99,Card
101238,2025-10-04,133,Mia Hall,London,Mouse,Accessories,3,24.99,PayPal
101239,2025-09-16,57,George Hill,Nottingham,Laptop,Electronics,3,899.99,PayPal
101240,2025-07-01,64,Michael Hill,Liverpool,Laptop,Electronics,3,809.99,Card
101241,2025-10-21,3,Emma Scott,Manchester,Desk,Furniture,1,237.49,PayPal
101242,2025-10-25,290,Mia King,Sheffield,Desk Lamp,Furniture,3,37.99,Card
101243,2025-05-26,294,Mia Taylor,Leeds,Headphones,Electronics,2,79.99,PayPal
101244,2025-02-23,168,George Baker,Sheffield,Desk Lamp,Furniture,2,43.99,PayPal
101245,2025-08-21,51,Michael Wright,Manchester,Headphones,Electronics,2,87.99,Card
101246,2025-02-17,32,Charlie Young,Sheffield,Desk Chair,Furniture,3,179.99,Card
101247,2025-02-09,190,Harry Adams,London,Desk Lamp,Furniture,1,39.99,Card
101248,2025-07-22,136,Emma Baker,Sheffield,Desk,Furniture,2,249.99,PayPal
101249,2025-09-08,214,Emma Young,Bristol,Headphones,Electronics,1,75.99,Card
101250,2025-08-23,67,Sophia Wright,Sheffield,Desk Lamp,Furniture,3,35.99,PayPal
101251,2025-08-22,243,Emily Smith,Birmingham,Laptop,Electronics,2,899.99,Card
101252,2025-03-02,210,Charlie Johnson,Bristol,Monitor,Electronics,1,219.99,Card
101253,2025-09-25,79,Amelia Wright,Nottingham,Monitor,Electronics,1,219.99,Card
101254,2025-09-06,15,Harry Brown,Leeds,Headphones,Electronics,1,79.99,Card
101255,2025-06-06,146,Emily Scott,Birmingham,Mouse,Accessories,1,26.24,Card
101256,2025-03-04,281,Jack Thomas,Sheffield,Webcam,Accessories,1,53.99,Card
101257,2025-10-21,159,Isla Baker,Manchester,Desk,Furniture,4,274.99,Card
101258,2025-11-07,68,Daniel Wilson,Manchester,Headphones,Electronics,2,79.99,PayPal
101259,2025-12-08,230,James Brown,Leeds,Headphones,Electronics,3,79.99,Card
101260,2025-11-16,210,Charlie Johnson,Bristol,Desk Chair,Furniture,1,179.99,Card
101261,2025-01-24,227,Michael Walker,Sheffield,Keyboard,Accessories,2,54.99,Card
101262,2025-01-13,293,Sarah Evans,Leeds,Keyboard,Accessories,2,44.99,PayPal
101263,2025-02-13,99,Michael Scott,Liverpool,Desk Lamp,Furniture,2,35.99,Bank Transfer
101264,2025-09-25,97,Thomas Brown,London,Desk,Furniture,2,224.99,Card
101265,2025-09-30,93,Charlie Adams,Bristol,Laptop,Electronics,1,854.99,Card
101266,2025-12-28,297,Olivia Green,London,Desk,Furniture,1,249.99,PayPal
101267,2025-07-25,24,George Lewis,Leeds,Desk,Furniture,3,224.99,Card
101268,2025-04-03,213,James Young,Nottingham,Laptop,Electronics,3,899.99,Card
101269,2025-02-16,59,Michael Hall,London,Monitor,Electronics,2,219.99,Card
101270,2025-05-11,46,Mia Hill,London,Headphones,Electronics,1,79.99,PayPal
101271,2025-01-31,167,George Hill,Bristol,Headphones,Electronics,1,71.99,Card
101272,2025-02-20,164,Olivia Hill,Nottingham,Headphones,Electronics,1,79.99,Card
101273,2025-03-03,27,Thomas Lewis,Leeds,Mouse,Accessories,1,24.99,Card
101274,2025-09-10,261,Olivia Walker,Birmingham,Desk Lamp,Furniture,1,35.99,Card
101275,2025-06-12,238,Emma Scott,Birmingham,Desk Lamp,Furniture,1,39.99,Card
101276,2025-11-21,120,Grace Evans,Liverpool,Laptop,Electronics,1,899.99,PayPal
101277,2025-05-07,285,Thomas Young,Nottingham,Headphones,Electronics,1,79.99,Card
101278,2025-11-22,257,George Green,Sheffield,Mouse,Accessories,3,23.74,Card
101279,2025-03-28,126,Olivia Wilson,Sheffield,Desk Lamp,Furniture,4,39.99,Card
101280,2025-01-01,238,Emma Scott,Birmingham,Keyboard,Accessories,2,47.49,Card
101281,2025-09-04,140,Jack Johnson,Sheffield,Keyboard,Accessories,3,49.99,Bank Transfer
101282,2025-11-20,109,Thomas Evans,Leeds,Desk Lamp,Furniture,1,37.99,PayPal
101283,2025-10-16,36,Olivia Young,Manchester,Keyboard,Accessories,1,52.49,Card
101284,2025-03-13,285,Thomas Young,Nottingham,Keyboard,Accessories,3,47.49,PayPal
101285,2025-06-12,176,David Walker,Sheffield,Keyboard,Accessories,5,52.49,Card
101286,2025-05-06,165,Sarah Scott,Liverpool,Webcam,Accessories,1,59.99,Card
101287,2025-12-21,69,Amelia Clarke,Sheffield,Laptop,Electronics,2,809.99,Bank Transfer
101288,2025-12-11,89,Olivia Brown,Manchester,Desk Chair,Furniture,2,188.99,PayPal
101289,2025-07-21,276,Amelia Hall,Leeds,Monitor,Electronics,3,230.99,PayPal
101290,2025-10-03,16,Lily Clarke,Liverpool,Desk,Furniture,2,249.99,Bank Transfer
101291,2025-07-12,184,Harry Young,Liverpool,Desk Chair,Furniture,1,197.99,PayPal
101292,2025-01-05,64,Michael Hill,Liverpool,Desk,Furniture,1,237.49,Card
101293,2025-04-24,11,Daniel Hall,Manchester,Keyboard,Accessories,2,52.49,Card
101294,2025-02-16,156,Michael Walker,Leeds,Mouse,Accessories,1,24.99,Bank Transfer
101295,2025-01-19,144,Emma Green,Leeds,Desk,Furniture,4,262.49,PayPal
101296,2025-01-04,101,Grace Brown,Liverpool,Desk Chair,Furniture,1,179.99,Card
101297,2025-09-10,88,Sarah Hill,Manchester,Desk Lamp,Furniture,1,41.99,Card
101298,2025-12-16,290,Mia King,Sheffield,Headphones,Electronics,1,75.99,PayPal
101299,2025-03-07,133,Mia Hall,London,Mouse,Accessories,3,26.24,PayPal
101300,2025-04-09,12,Michael Lewis,Manchester,Desk Lamp,Furniture,2,41.99,Card
101301,2025-08-21,2,Sophia Walker,Birmingham,Desk Chair,Furniture,2,188.99,Card
101302,2025-06-15,222,Thomas Smith,Nottingham,Desk Chair,Furniture,1,188.99,Card
101303,2025-09-11,186,Amelia Wright,London,Desk Lamp,Furniture,3,41.99,Card
101304,2025-05-23,216,Olivia Hill,Leeds,Desk Lamp,Furniture,1,35.99,Card
101305,2025-06-21,42,James Roberts,Birmingham,Laptop,Electronics,5,854.99,Bank Transfer
101306,2025-08-05,39,Emma Scott,Leeds,Mouse,Accessories,1,24.99,Card
101307,2025-11-17,50,Sophia Adams,Manchester,Laptop,Electronics,1,989.99,Card
101308,2025-11-17,172,Sophia Roberts,Nottingham,Keyboard,Accessories,1,49.99,Card
101309,2025-06-24,28,Michael Evans,Bristol,Webcam,Accessories,2,56.99,Bank Transfer
101310,2025-11-04,225,Thomas Roberts,Leeds,Monitor,Electronics,2,219.99,Card
101311,2025-02-01,18,Emily Brown,Liverpool,Desk Chair,Furniture,1,197.99,PayPal
101312,2025-03-07,32,Charlie Young,Sheffield,Desk,Furniture,1,249.99,PayPal
101313,2025-02-03,53,Isla Scott,Birmingham,Laptop,Electronics,2,899.99,PayPal
101314,2025-07-25,50,Sophia Adams,Manchester,Desk Chair,Furniture,1,179.99,PayPal
101315,2025-11-16,6,Sophia Hill,London,Desk,Furniture,1,274.99,Card
101316,2025-11-14,52,Mia Taylor,Birmingham,Webcam,Accessories,2,62.99,PayPal
101317,2025-08-21,265,Sarah Walker,Leeds,Webcam,Accessories,2,53.99,Card
101318,2025-11-01,35,Sarah Wilson,Birmingham,Mouse,Accessories,4,23.74,PayPal
101319,2025-05-12,182,Charlie Lewis,Nottingham,Desk Chair,Furniture,2,179.99,Card
101320,2025-05-05,71,Emma Johnson,Sheffield,Laptop,Electronics,1,899.99,Card
101321,2025-09-20,184,Harry Young,Liverpool,Keyboard,Accessories,2,49.99,PayPal
101322,2025-03-17,241,Emma Evans,Leeds,Keyboard,Accessories,2,49.99,Card
101323,2025-01-05,266,Emily King,Manchester,Headphones,Electronics,1,79.99,PayPal
101324,2025-10-14,28,Michael Evans,Bristol,Desk Chair,Furniture,1,170.99,PayPal
101325,2025-04-14,36,Olivia Young,Manchester,Webcam,Accessories,1,59.99,PayPal
101326,2025-08-28,170,Isla King,Leeds,Webcam,Accessories,2,59.99,Card
101327,2025-02-23,233,Isla Scott,Bristol,Laptop,Electronics,2,809.99,PayPal
101328,2025-12-21,118,Amelia Taylor,London,Desk,Furniture,2,237.49,Card
101329,2025-06-19,193,Jack Lewis,Bristol,Mouse,Accessories,1,27.49,Bank Transfer
101330,2025-07-05,6,Sophia Hill,London,Monitor,Electronics,1,219.99,Card
101331,2025-05-29,226,Mia Smith,Liverpool,Mouse,Accessories,2,27.49,Card
101332,2025-01-16,102,Grace Green,Birmingham,Mouse,Accessories,1,23.74,PayPal
101333,2025-03-31,174,Jack Hall,Bristol,Desk Lamp,Furniture,1,37.99,Card
101334,2025-05-15,52,Mia Taylor,Birmingham,Laptop,Electronics,3,854.99,Card
101335,2025-02-26,174,Jack Hall,Bristol,Mouse,Accessories,1,23.74,Card
101336,2025-07-10,88,Sarah Hill,Manchester,Desk Lamp,Furniture,5,39.99,PayPal
101337,2025-12-31,34,Noah Wright,Manchester,Monitor,Electronics,1,208.99,PayPal
101338,2025-04-09,273,Emily Lewis,Leeds,Desk Chair,Furniture,2,179.99,Card
101339,2025-11-22,126,Olivia Wilson,Sheffield,Laptop,Electronics,3,899.99,Card
101340,2025-10-02,151,Amelia Adams,Bristol,Headphones,Electronics,1,71.99,PayPal
101341,2025-05-24,65,Jack Wright,Liverpool,Desk Lamp,Furniture,5,39.99,Card
101342,2025-02-11,241,Emma Evans,Leeds,Monitor,Electronics,1,219.99,PayPal
101343,2025-11-27,261,Olivia Walker,Birmingham,Webcam,Accessories,2,59.99,Card
101344,2025-12-31,192,George Thomas,London,Desk Lamp,Furniture,2,41.99,Bank Transfer
101345,2025-08-31,138,Lily Hill,Manchester,Desk Chair,Furniture,2,197.99,Card
101346,2025-01-19,107,Emma Scott,Birmingham,Mouse,Accessories,4,24.99,PayPal
101347,2025-07-22,112,Jack Johnson,London,Keyboard,Accessories,1,49.99,Card
101348,2025-07-11,131,Thomas Roberts,Manchester,Desk Lamp,Furniture,1,43.99,Card
101349,2025-08-16,266,Emily King,Manchester,Webcam,Accessories,1,53.99,Card
101350,2025-11-15,173,Michael Green,Liverpool,Desk Chair,Furniture,1,179.99,Card
101351,2025-09-12,163,Emma Young,Liverpool,Keyboard,Accessories,1,47.49,Card
101352,2025-05-16,39,Emma Scott,Leeds,Webcam,Accessories,4,59.99,PayPal
101353,2025-09-20,280,Olivia Wright,Nottingham,Monitor,Electronics,3,208.99,Card
101354,2025-02-06,185,Isla Walker,Leeds,Laptop,Electronics,2,899.99,Card
101355,2025-06-18,129,Emily Walker,Liverpool,Keyboard,Accessories,2,54.99,PayPal
101356,2025-05-21,98,George Baker,Manchester,Headphones,Electronics,5,87.99,PayPal
101357,2025-10-06,134,Emma Roberts,Birmingham,Laptop,Electronics,3,899.99,PayPal
101358,2025-07-26,208,Daniel Brown,Liverpool,Laptop,Electronics,1,899.99,Bank Transfer
101359,2025-03-18,204,Olivia Baker,Manchester,Mouse,Accessories,1,26.24,Card
101360,2025-04-30,265,Sarah Walker,Leeds,Desk Lamp,Furniture,3,41.99,PayPal
101361,2025-06-24,44,Noah Baker,Liverpool,Webcam,Accessories,3,59.99,PayPal
101362,2025-12-24,214,Emma Young,Bristol,Mouse,Accessories,1,27.49,Card
101363,2025-07-11,72,Thomas Wilson,Liverpool,Headphones,Electronics,1,83.99,Card
101364,2025-12-04,182,Charlie Lewis,Nottingham,Webcam,Accessories,1,59.99,PayPal
101365,2025-07-26,276,Amelia Hall,Leeds,Keyboard,Accessories,1,44.99,Card
101366,2025-01-17,72,Thomas Wilson,Liverpool,Headphones,Electronics,5,79.99,Card
101367,2025-11-05,294,Mia Taylor,Leeds,Desk Chair,Furniture,5,170.99,Bank Transfer
101368,2025-02-02,274,Noah Scott,Nottingham,Desk Chair,Furniture,1,161.99,Card
101369,2025-08-20,156,Michael Walker,Leeds,Monitor,Electronics,1,230.99,Card
101370,2025-01-17,251,Harry Wright,Manchester,Laptop,Electronics,1,809.99,Bank Transfer
101371,2025-07-17,146,Emily Scott,Birmingham,Mouse,Accessories,1,26.24,Card
101372,2025-08-21,30,George Taylor,Leeds,Webcam,Accessories,2,56.99,Card
101373,2025-07-30,201,Sophia Taylor,Nottingham,Headphones,Electronics,5,75.99,Card
101374,2025-09-02,36,Olivia Young,Manchester,Desk Chair,Furniture,4,197.99,Card
101375,2025-04-16,159,Isla Baker,Manchester,Desk Chair,Furniture,3,188.99,Card
101376,2025-11-06,295,George Wright,Manchester,Keyboard,Accessories,2,49.99,PayPal
101377,2025-08-23,142,Grace Young,Manchester,Mouse,Accessories,1,23.74,Card
101378,2025-07-24,127,Sarah Wright,Liverpool,Desk Lamp,Furniture,1,39.99,PayPal
101379,2025-08-24,237,Emma Evans,Bristol,Laptop,Electronics,2,899.99,PayPal
101380,2025-08-22,178,Amelia Young,Bristol,Keyboard,Accessories,1,54.99,PayPal
101381,2025-03-31,213,James Young,Nottingham,Mouse,Accessories,1,24.99,PayPal
101382,2025-08-23,197,Isla Smith,London,Headphones,Electronics,2,71.99,Card
101383,2025-01-23,123,Olivia Thomas,Sheffield,Headphones,Electronics,1,83.99,Card
101384,2025-12-08,35,Sarah Wilson,Birmingham,Mouse,Accessories,4,24.99,Bank Transfer
101385,2025-10-11,63,Michael Johnson,Bristol,Webcam,Accessories,1,53.99,Card
101386,2025-06-16,210,Charlie Johnson,Bristol,Desk,Furniture,1,237.49,Card
101387,2025-08-25,14,Sarah King,Manchester,Monitor,Electronics,2,230.99,PayPal
101388,2025-07-15,176,David Walker,Sheffield,Desk Chair,Furniture,3,179.99,Card
101389,2025-05-09,59,Michael Hall,London,Headphones,Electronics,1,83.99,Card
101390,2025-08-25,35,Sarah Wilson,Birmingham,Monitor,Electronics,2,208.99,PayPal
101391,2025-08-13,72,Thomas Wilson,Liverpool,Desk,Furniture,3,274.99,Card
101392,2025-01-10,52,Mia Taylor,Birmingham,Headphones,Electronics,1,79.99,PayPal
101393,2025-03-28,40,Thomas Wilson,Leeds,Laptop,Electronics,2,854.99,Card
101394,2025-04-02,111,Sarah Brown,Sheffield,Laptop,Electronics,4,899.99,Card
101395,2025-12-23,25,Mia Walker,Bristol,Desk Lamp,Furniture,2,41.99,PayPal
101396,2025-02-22,200,Daniel Smith,Birmingham,Keyboard,Accessories,1,49.99,Card
101397,2025-07-13,104,Lily Hill,London,Mouse,Accessories,1,23.74,Card
101398,2025-01-09,216,Olivia Hill,Leeds,Laptop,Electronics,5,899.99,PayPal
101399,2025-12-15,33,Grace Walker,Birmingham,Mouse,Accessories,4,22.49,PayPal
101400,2025-12-07,86,Thomas Johnson,London,Headphones,Electronics,1,79.99,Card
101401,2025-06-17,166,Emma King,Birmingham,Desk Lamp,Furniture,2,39.99,Card
101402,2025-10-05,203,George Roberts,Bristol,Desk Chair,Furniture,1,170.99,Card
101403,2025-06-15,89,Olivia Brown,Manchester,Laptop,Electronics,1,899.99,Card
101404,2025-04-19,235,Grace King,Leeds,Mouse,Accessories,1,27.49,Card
101405,2025-11-16,189,Lily Scott,London,Laptop,Electronics,1,854.99,Card
101406,2025-11-03,256,Noah Lewis,Nottingham,Monitor,Electronics,2,241.99,Bank Transfer
101407,2025-10-19,88,Sarah Hill,Manchester,Keyboard,Accessories,4,49.99,Card
101408,2025-11-20,199,Sarah Smith,Liverpool,Headphones,Electronics,1,83.99,PayPal
101409,2025-12-19,163,Emma Young,Liverpool,Desk,Furniture,1,224.99,PayPal
101410,2025-10-27,230,James Brown,Leeds,Desk Chair,Furniture,2,188.99,Card
101411,2025-10-28,7,Mia Evans,Sheffield,Mouse,Accessories,1,27.49,PayPal
101412,2025-06-08,122,Lily Taylor,Liverpool,Desk Chair,Furniture,3,179.99,Card
101413,2025-03-12,192,George Thomas,London,Desk,Furniture,1,237.49,Card
101414,2025-11-25,20,George Clarke,Birmingham,Mouse,Accessories,4,24.99,Bank Transfer
101415,2025-08-16,169,Mia King,Birmingham,Headphones,Electronics,1,83.99,PayPal
101416,2025-01-21,267,Sophia Roberts,Liverpool,Desk Chair,Furniture,2,179.99,PayPal
101417,2025-04-28,170,Isla King,Leeds,Webcam,Accessories,1,59.99,Card
101418,2025-12-07,128,Daniel King,Bristol,Mouse,Accessories,2,24.99,Card
101419,2025-04-04,227,Michael Walker,Sheffield,Laptop,Electronics,1,899.99,Card
101420,2025-04-09,27,Thomas Lewis,Leeds,Headphones,Electronics,4,75.99,Card
101421,2025-10-31,282,Isla Brown,Nottingham,Mouse,Accessories,1,22.49,Card
101422,2025-08-28,160,George Young,Liverpool,Headphones,Electronics,2,75.99,Card
101423,2025-11-07,128,Daniel King,Bristol,Keyboard,Accessories,1,49.99,Bank Transfer
101424,2025-04-14,140,Jack Johnson,Sheffield,Desk,Furniture,1,249.99,Card
101425,2025-03-27,242,Sophia Clarke,Birmingham,Desk,Furniture,1,249.99,PayPal
101426,2025-03-21,247,Charlie Green,Nottingham,Laptop,Electronics,3,899.99,PayPal
101427,2025-06-03,276,Amelia Hall,Leeds,Headphones,Electronics,2,75.99,Card
101428,2025-08-26,157,Sophia Evans,Birmingham,Desk,Furniture,1,249.99,PayPal
101429,2025-02-06,171,Sophia Roberts,Nottingham,Headphones,Electronics,2,75.99,Card
101430,2025-04-08,3,Emma Scott,Manchester,Laptop,Electronics,3,944.99,PayPal
101431,2025-09-09,208,Daniel Brown,Liverpool,Desk Chair,Furniture,4,188.99,Card
101432,2025-09-08,158,James Johnson,Liverpool,Monitor,Electronics,1,197.99,Bank Transfer
101433,2025-03-05,198,Grace Walker,Manchester,Headphones,Electronics,1,79.99,Bank Transfer
101434,2025-06-28,261,Olivia Walker,Birmingham,Desk,Furniture,2,249.99,PayPal
101435,2025-11-30,198,Grace Walker,Manchester,Desk Chair,Furniture,2,170.99,Card
101436,2025-07-05,15,Harry Brown,Leeds,Headphones,Electronics,1,79.99,Bank Transfer
101437,2025-03-17,131,Thomas Roberts,Manchester,Mouse,Accessories,2,26.24,PayPal
101438,2025-01-07,60,Charlie Scott,Liverpool,Monitor,Electronics,2,219.99,Card
101439,2025-10-28,42,James Roberts,Birmingham,Desk Lamp,Furniture,4,39.99,Card
101440,2025-08-07,130,James Evans,Sheffield,Keyboard,Accessories,2,49.99,PayPal
101441,2025-07-15,158,James Johnson,Liverpool,Desk Chair,Furniture,3,188.99,PayPal
101442,2025-02-25,294,Mia Taylor,Leeds,Webcam,Accessories,3,59.99,PayPal
101443,2025-07-23,158,James Johnson,Liverpool,Laptop,Electronics,5,989.99,Card
101444,2025-02-19,36,Olivia Young,Manchester,Desk Chair,Furniture,2,188.99,Card
101445,2025-08-09,88,Sarah Hill,Manchester,Headphones,Electronics,1,83.99,Card
101446,2025-09-07,94,Jack Evans,Bristol,Desk Lamp,Furniture,4,39.99,Card
101447,2025-04-19,96,David Green,Nottingham,Mouse,Accessories,1,23.74,PayPal
101448,2025-04-09,133,Mia Hall,London,Desk Chair,Furniture,1,179.99,Card
101449,2025-11-22,86,Thomas Johnson,London,Monitor,Electronics,1,219.99,Card
101450,2025-02-02,176,David Walker,Sheffield,Laptop,Electronics,2,899.99,Card
101451,2025-02-21,5,James Brown,Liverpool,Laptop,Electronics,1,809.99,PayPal
101452,2025-01-22,50,Sophia Adams,Manchester,Mouse,Accessories,2,22.49,Card
101453,2025-09-24,137,Grace Hall,Sheffield,Desk,Furniture,1,249.99,PayPal
101454,2025-06-22,190,Harry Adams,London,Webcam,Accessories,5,65.99,Card
101455,2025-07-04,205,Olivia Green,Manchester,Desk Chair,Furniture,2,179.99,PayPal
101456,2025-02-21,2,Sophia Walker,Birmingham,Desk,Furniture,3,249.99,PayPal
101457,2025-03-13,14,Sarah King,Manchester,Monitor,Electronics,3,219.99,Bank Transfer
101458,2025-05-08,189,Lily Scott,London,Desk,Furniture,2,262.49,PayPal
101459,2025-09-21,212,Michael Hill,Bristol,Mouse,Accessories,1,26.24,Bank Transfer
101460,2025-06-14,9,James Thomas,Sheffield,Webcam,Accessories,3,65.99,PayPal
101461,2025-12-14,228,Isla Scott,Liverpool,Mouse,Accessories,2,24.99,PayPal
101462,2025-02-11,179,Mia King,Sheffield,Desk Chair,Furniture,4,179.99,Bank Transfer
101463,2025-12-25,52,Mia Taylor,Birmingham,Desk Chair,Furniture,1,170.99,PayPal
101464,2025-09-24,293,Sarah Evans,Leeds,Desk Lamp,Furniture,1,39.99,PayPal
101465,2025-06-04,281,Jack Thomas,Sheffield,Desk,Furniture,1,249.99,Bank Transfer
101466,2025-09-04,277,James Brown,Liverpool,Mouse,Accessories,1,23.74,PayPal
101467,2025-12-04,46,Mia Hill,London,Monitor,Electronics,1,230.99,Card
101468,2025-06-17,197,Isla Smith,London,Keyboard,Accessories,1,49.99,PayPal
101469,2025-12-10,64,Michael Hill,Liverpool,Headphones,Electronics,4,83.99,PayPal
101470,2025-02-16,171,Sophia Roberts,Nottingham,Mouse,Accessories,4,27.49,Bank Transfer
101471,2025-02-03,176,David Walker,Sheffield,Desk Chair,Furniture,4,188.99,PayPal
101472,2025-07-15,288,Jack Hall,Manchester,Desk Chair,Furniture,3,170.99,Card
101473,2025-05-29,45,David Clarke,Birmingham,Monitor,Electronics,1,230.99,Card
101474,2025-04-07,60,Charlie Scott,Liverpool,Webcam,Accessories,1,59.99,Bank Transfer
101475,2025-10-23,1,Emma Smith,Leeds,Keyboard,Accessories,1,49.99,Card
101476,2025-07-18,217,Lily Scott,Nottingham,Webcam,Accessories,3,65.99,PayPal
101477,2025-03-06,267,Sophia Roberts,Liverpool,Mouse,Accessories,1,22.49,Card
101478,2025-08-24,162,Sophia Taylor,London,Headphones,Electronics,3,79.99,PayPal
101479,2025-09-13,234,Amelia Scott,Bristol,Headphones,Electronics,2,75.99,PayPal
101480,2025-12-26,18,Emily Brown,Liverpool,Webcam,Accessories,1,62.99,Card
101481,2025-12-28,294,Mia Taylor,Leeds,Desk,Furniture,2,237.49,Card
101482,2025-12-27,193,Jack Lewis,Bristol,Laptop,Electronics,5,899.99,Card
101483,2025-04-18,116,Michael Taylor,London,Laptop,Electronics,4,989.99,Card
101484,2025-09-07,201,Sophia Taylor,Nottingham,Keyboard,Accessories,5,52.49,Bank Transfer
101485,2025-03-23,12,Michael Lewis,Manchester,Desk Lamp,Furniture,1,39.99,PayPal
101486,2025-06-28,201,Sophia Taylor,Nottingham,Desk Chair,Furniture,1,188.99,Card
101487,2025-12-23,100,Noah Roberts,Birmingham,Desk Lamp,Furniture,1,37.99,Card
101488,2025-10-25,28,Michael Evans,Bristol,Keyboard,Accessories,1,47.49,Card
101489,2025-08-15,248,Isla King,Bristol,Keyboard,Accessories,4,47.49,Card
101490,2025-04-11,5,James Brown,Liverpool,Webcam,Accessories,2,59.99,Card
101491,2025-03-17,193,Jack Lewis,Bristol,Desk Chair,Furniture,2,170.99,Bank Transfer
101492,2025-02-19,183,James Clarke,Leeds,Desk,Furniture,1,224.99,Card
101493,2025-09-21,174,Jack Hall,Bristol,Desk Chair,Furniture,5,188.99,PayPal
101494,2025-05-06,18,Emily Brown,Liverpool,Monitor,Electronics,1,219.99,Card
101495,2025-11-02,89,Olivia Brown,Manchester,Desk Chair,Furniture,3,197.99,PayPal
101496,2025-02-15,238,Emma Scott,Birmingham,Desk Chair,Furniture,1,188.99,Card
101497,2025-01-06,62,Michael Johnson,Liverpool,Monitor,Electronics,1,219.99,PayPal
101498,2025-09-18,116,Michael Taylor,London,Laptop,Electronics,2,899.99,Card
101499,2025-12-22,49,Emily Walker,London,Headphones,Electronics,1,83.99,PayPal
101500,2025-06-02,293,Sarah Evans,Leeds,Headphones,Electronics,1,71.99,PayPal
101501,2025-10-03,95,Sophia Roberts,Sheffield,Desk Chair,Furniture,3,161.99,Card
101502,2025-10-02,272,George Wilson,Nottingham,Desk,Furniture,1,274.99,Card
101503,2025-11-30,64,Michael Hill,Liverpool,Mouse,Accessories,5,22.49,Card
101504,2025-11-03,93,Charlie Adams,Bristol,Laptop,Electronics,2,989.99,Card
101505,2025-01-21,66,Mia Taylor,Nottingham,Mouse,Accessories,2,22.49,Card
101506,2025-01-18,44,Noah Baker,Liverpool,Monitor,Electronics,2,219.99,Bank Transfer
101507,2025-03-29,217,Lily Scott,Nottingham,Laptop,Electronics,1,809.99,Bank Transfer
101508,2025-09-23,151,Amelia Adams,Bristol,Desk Lamp,Furniture,1,39.99,Card
101509,2025-06-10,268,Amelia Wilson,Liverpool,Webcam,Accessories,2,59.99,Card
101510,2025-02-20,23,Mia Walker,Birmingham,Mouse,Accessories,1,23.74,Card
101511,2025-04-21,69,Amelia Clarke,Sheffield,Desk Lamp,Furniture,1,39.99,Card
101512,2025-11-15,217,Lily Scott,Nottingham,Monitor,Electronics,2,219.99,Card
101513,2025-03-25,205,Olivia Green,Manchester,Desk,Furniture,1,249.99,PayPal
101514,2025-12-22,74,David Young,Birmingham,Desk Lamp,Furniture,1,41.99,PayPal
101515,2025-11-21,99,Michael Scott,Liverpool,Webcam,Accessories,2,62.99,PayPal
101516,2025-11-06,84,David Evans,Leeds,Desk Chair,Furniture,3,179.99,Bank Transfer
101517,2025-08-11,195,Thomas Lewis,Leeds,Laptop,Electronics,5,854.99,Card
101518,2025-03-05,273,Emily Lewis,Leeds,Monitor,Electronics,2,219.99,Card
101519,2025-11-24,46,Mia Hill,London,Webcam,Accessories,4,65.99,Card
101520,2025-04-26,141,James Hill,Liverpool,Laptop,Electronics,1,854.99,Card
101521,2025-02-23,64,Michael Hill,Liverpool,Headphones,Electronics,2,79.99,Card
101522,2025-09-08,49,Emily Walker,London,Desk Lamp,Furniture,1,39.99,PayPal
101523,2025-10-10,139,Harry Adams,Liverpool,Monitor,Electronics,4,208.99,Card
101524,2025-07-19,93,Charlie Adams,Bristol,Webcam,Accessories,3,62.99,Bank Transfer
101525,2025-09-30,283,Grace Young,Bristol,Desk Chair,Furniture,1,170.99,Card
101526,2025-12-18,263,James Young,Nottingham,Headphones,Electronics,2,75.99,Card
101527,2025-05-17,28,Michael Evans,Bristol,Webcam,Accessories,2,56.99,PayPal
101528,2025-08-03,235,Grace King,Leeds,Headphones,Electronics,1,79.99,PayPal
101529,2025-09-15,147,Daniel Young,Sheffield,Keyboard,Accessories,4,49.99,Bank Transfer
101530,2025-04-28,157,Sophia Evans,Birmingham,Monitor,Electronics,4,219.99,PayPal
101531,2025-02-16,41,Amelia Thomas,Nottingham,Monitor,Electronics,2,197.99,Card
101532,2025-01-30,44,Noah Baker,Liverpool,Keyboard,Accessories,2,49.99,PayPal
101533,2025-01-06,218,George Young,Leeds,Desk Lamp,Furniture,4,37.99,Card
101534,2025-09-21,273,Emily Lewis,Leeds,Monitor,Electronics,1,219.99,Card
101535,2025-01-04,218,George Young,Leeds,Desk Lamp,Furniture,2,37.99,Bank Transfer
101536,2025-12-05,271,Emily Baker,Leeds,Laptop,Electronics,2,854.99,PayPal
101537,2025-09-26,116,Michael Taylor,London,Headphones,Electronics,1,87.99,Card
101538,2025-06-30,27,Thomas Lewis,Leeds,Desk Chair,Furniture,2,170.99,Card
101539,2025-02-27,174,Jack Hall,Bristol,Mouse,Accessories,3,27.49,PayPal
101540,2025-03-02,149,Harry Scott,London,Keyboard,Accessories,2,49.99,Card
101541,2025-11-20,292,Lily Wright,Nottingham,Desk Chair,Furniture,1,179.99,Bank Transfer
101542,2025-11-26,264,Lily Wright,Leeds,Laptop,Electronics,4,899.99,PayPal
101543,2025-01-30,183,James Clarke,Leeds,Laptop,Electronics,2,899.99,Card
101544,2025-02-24,3,Emma Scott,Manchester,Webcam,Accessories,4,56.99,Card
101545,2025-01-05,52,Mia Taylor,Birmingham,Desk Chair,Furniture,2,161.99,Card
101546,2025-03-20,211,Mia Young,Bristol,Monitor,Electronics,4,197.99,Card
101547,2025-12-03,129,Emily Walker,Liverpool,Mouse,Accessories,1,24.99,Card
101548,2025-08-08,94,Jack Evans,Bristol,Desk Lamp,Furniture,3,35.99,Bank Transfer
101549,2025-12-03,225,Thomas Roberts,Leeds,Headphones,Electronics,1,83.99,Card
101550,2025-07-03,102,Grace Green,Birmingham,Monitor,Electronics,1,197.99,Card
101551,2025-08-04,170,Isla King,Leeds,Laptop,Electronics,1,854.99,Bank Transfer
101552,2025-12-07,137,Grace Hall,Sheffield,Monitor,Electronics,1,219.99,Card
101553,2025-12-16,66,Mia Taylor,Nottingham,Webcam,Accessories,3,65.99,PayPal
101554,2025-09-14,200,Daniel Smith,Birmingham,Headphones,Electronics,1,71.99,PayPal
101555,2025-03-06,80,Daniel Lewis,London,Webcam,Accessories,2,65.99,PayPal
101556,2025-01-27,176,David Walker,Sheffield,Desk Chair,Furniture,5,188.99,Card
101557,2025-09-03,149,Harry Scott,London,Keyboard,Accessories,2,54.99,Card
101558,2025-11-13,79,Amelia Wright,Nottingham,Desk Lamp,Furniture,1,39.99,PayPal
101559,2025-05-15,127,Sarah Wright,Liverpool,Desk Chair,Furniture,1,188.99,PayPal
101560,2025-02-22,258,Emily Adams,London,Headphones,Electronics,1,87.99,Card
101561,2025-11-21,77,Sarah Scott,London,Mouse,Accessories,1,24.99,Card
101562,2025-04-09,75,Jack King,Liverpool,Desk Chair,Furniture,1,170.99,Card
101563,2025-01-27,195,Thomas Lewis,Leeds,Desk Chair,Furniture,2,188.99,PayPal
101564,2025-04-29,114,Olivia King,Sheffield,Webcam,Accessories,1,53.99,Card
101565,2025-11-26,27,Thomas Lewis,Leeds,Keyboard,Accessories,1,49.99,Card
101566,2025-06-29,215,George Taylor,Sheffield,Mouse,Accessories,1,22.49,Card
101567,2025-01-01,27,Thomas Lewis,Leeds,Webcam,Accessories,1,59.99,Card
101568,2025-11-07,52,Mia Taylor,Birmingham,Desk Chair,Furniture,1,179.99,Card
101569,2025-06-05,58,Emma Walker,Liverpool,Monitor,Electronics,2,230.99,Card
101570,2025-03-08,170,Isla King,Leeds,Webcam,Accessories,2,59.99,PayPal
101571,2025-10-29,271,Emily Baker,Leeds,Webcam,Accessories,1,59.99,Card
101572,2025-07-16,45,David Clarke,Birmingham,Monitor,Electronics,1,230.99,PayPal
101573,2025-01-22,98,George Baker,Manchester,Mouse,Accessories,2,22.49,Card
101574,2025-10-07,176,David Walker,Sheffield,Keyboard,Accessories,2,54.99,Card
101575,2025-03-20,23,Mia Walker,Birmingham,Headphones,Electronics,1,79.99,PayPal
101576,2025-10-14,178,Amelia Young,Bristol,Webcam,Accessories,1,62.99,Card
101577,2025-08-12,35,Sarah Wilson,Birmingham,Desk,Furniture,1,249.99,PayPal
101578,2025-03-27,141,James Hill,Liverpool,Headphones,Electronics,1,79.99,Card
101579,2025-12-22,98,George Baker,Manchester,Desk Chair,Furniture,2,179.99,PayPal
101580,2025-02-08,85,Daniel Johnson,London,Desk,Furniture,3,249.99,Card
101581,2025-07-19,206,Charlie Smith,Leeds,Keyboard,Accessories,1,44.99,Card
101582,2025-04-22,5,James Brown,Liverpool,Desk Lamp,Furniture,1,41.99,PayPal
101583,2025-05-13,156,Michael Walker,Leeds,Mouse,Accessories,1,24.99,Card
101584,2025-03-29,115,Mia Smith,Manchester,Laptop,Electronics,2,899.99,Card
101585,2025-03-17,143,Thomas Baker,Bristol,Headphones,Electronics,1,87.99,Card
101586,2025-05-08,108,Jack Green,Liverpool,Desk Lamp,Furniture,1,41.99,Card
101587,2025-11-06,189,Lily Scott,London,Webcam,Accessories,1,62.99,PayPal
101588,2025-05-16,69,Amelia Clarke,Sheffield,Desk Chair,Furniture,4,179.99,Card
101589,2025-01-30,6,Sophia Hill,London,Webcam,Accessories,1,59.99,Card
101590,2025-01-09,276,Amelia Hall,Leeds,Monitor,Electronics,2,230.99,Card
101591,2025-12-01,132,Jack Clarke,Sheffield,Desk Lamp,Furniture,1,39.99,Card
101592,2025-05-18,105,Mia Green,Manchester,Desk Chair,Furniture,1,170.99,PayPal
101593,2025-08-11,189,Lily Scott,London,Headphones,Electronics,4,71.99,Card
101594,2025-08-24,95,Sophia Roberts,Sheffield,Headphones,Electronics,1,79.99,Bank Transfer
101595,2025-04-03,145,Amelia Hall,Sheffield,Laptop,Electronics,1,854.99,PayPal
101596,2025-12-18,97,Thomas Brown,London,Monitor,Electronics,1,219.99,Card
101597,2025-11-27,207,Charlie Lewis,Sheffield,Monitor,Electronics,2,208.99,PayPal
101598,2025-01-07,52,Mia Taylor,Birmingham,Desk Chair,Furniture,1,161.99,PayPal
101599,2025-11-26,23,Mia Walker,Birmingham,Headphones,Electronics,1,71.99,Card
101600,2025-11-18,7,Mia Evans,Sheffield,Laptop,Electronics,4,809.99,Card
101601,2025-06-23,44,Noah Baker,Liverpool,Mouse,Accessories,1,27.49,Card
101602,2025-08-16,84,David Evans,Leeds,Keyboard,Accessories,1,47.49,Card
101603,2025-10-06,137,Grace Hall,Sheffield,Desk Lamp,Furniture,1,43.99,Card
101604,2025-10-06,152,George King,Nottingham,Monitor,Electronics,2,241.99,Card
101605,2025-01-01,115,Mia Smith,Manchester,Laptop,Electronics,1,899.99,Card
101606,2025-12-02,147,Daniel Young,Sheffield,Mouse,Accessories,4,26.24,Card
101607,2025-02-27,252,Charlie Johnson,Birmingham,Headphones,Electronics,5,75.99,Card
101608,2025-05-25,183,James Clarke,Leeds,Monitor,Electronics,2,197.99,Card
101609,2025-02-13,23,Mia Walker,Birmingham,Headphones,Electronics,1,79.99,Card
101610,2025-04-03,218,George Young,Leeds,Headphones,Electronics,4,83.99,Card
101611,2025-05-27,179,Mia King,Sheffield,Monitor,Electronics,1,219.99,PayPal
101612,2025-05-16,40,Thomas Wilson,Leeds,Laptop,Electronics,3,854.99,PayPal
101613,2025-03-17,164,Olivia Hill,Nottingham,Headphones,Electronics,1,83.99,PayPal
101614,2025-09-02,35,Sarah Wilson,Birmingham,Monitor,Electronics,2,230.99,Card
101615,2025-02-16,166,Emma King,Birmingham,Headphones,Electronics,1,79.99,Card
101616,2025-09-11,218,George Young,Leeds,Desk,Furniture,2,249.99,PayPal
101617,2025-11-22,171,Sophia Roberts,Nottingham,Headphones,Electronics,3,83.99,Bank Transfer
101618,2025-07-16,215,George Taylor,Sheffield,Desk Lamp,Furniture,2,39.99,Card
101619,2025-10-02,118,Amelia Taylor,London,Desk Chair,Furniture,1,188.99,Card
101620,2025-10-23,113,Thomas Taylor,Leeds,Monitor,Electronics,1,197.99,Card
101621,2025-01-09,186,Amelia Wright,London,Desk Lamp,Furniture,1,37.99,Bank Transfer
101622,2025-01-31,179,Mia King,Sheffield,Webcam,Accessories,3,65.99,PayPal
101623,2025-03-13,151,Amelia Adams,Bristol,Desk,Furniture,1,274.99,Card
101624,2025-08-04,125,Amelia Walker,Leeds,Mouse,Accessories,3,22.49,PayPal
101625,2025-03-02,74,David Young,Birmingham,Desk Chair,Furniture,2,188.99,Bank Transfer
101626,2025-07-10,28,Michael Evans,Bristol,Monitor,Electronics,2,197.99,Card
101627,2025-11-01,81,Olivia Lewis,London,Laptop,Electronics,1,854.99,Card
101628,2025-02-09,7,Mia Evans,Sheffield,Desk Chair,Furniture,1,170.99,Card
101629,2025-03-13,271,Emily Baker,Leeds,Keyboard,Accessories,1,52.49,Card
101630,2025-11-27,7,Mia Evans,Sheffield,Keyboard,Accessories,1,44.99,PayPal
101631,2025-01-17,89,Olivia Brown,Manchester,Desk Lamp,Furniture,1,39.99,PayPal
101632,2025-12-15,233,Isla Scott,Bristol,Desk Lamp,Furniture,2,39.99,Bank Transfer
101633,2025-09-14,157,Sophia Evans,Birmingham,Mouse,Accessories,1,23.74,Card
101634,2025-02-17,268,Amelia Wilson,Liverpool,Desk Chair,Furniture,5,170.99,PayPal
101635,2025-07-25,29,Daniel Wright,Sheffield,Mouse,Accessories,1,27.49,PayPal
101636,2025-10-14,40,Thomas Wilson,Leeds,Desk,Furniture,1,262.49,PayPal
101637,2025-07-14,85,Daniel Johnson,London,Laptop,Electronics,3,944.99,Card
101638,2025-05-19,56,Emily Lewis,Bristol,Monitor,Electronics,1,219.99,PayPal
101639,2025-06-21,15,Harry Brown,Leeds,Mouse,Accessories,1,24.99,Card
101640,2025-04-19,6,Sophia Hill,London,Keyboard,Accessories,1,47.49,PayPal
101641,2025-01-17,124,James Thomas,Bristol,Keyboard,Accessories,1,49.99,Card
101642,2025-10-16,248,Isla King,Bristol,Laptop,Electronics,1,809.99,Bank Transfer
101643,2025-01-05,183,James Clarke,Leeds,Keyboard,Accessories,4,49.99,Card
101644,2025-07-20,183,James Clarke,Leeds,Headphones,Electronics,2,71.99,Card
101645,2025-09-15,52,Mia Taylor,Birmingham,Desk Lamp,Furniture,3,37.99,Card
101646,2025-07-15,245,Mia Green,Birmingham,Laptop,Electronics,1,854.99,PayPal
101647,2025-02-10,48,James Wilson,Bristol,Mouse,Accessories,3,27.49,PayPal
101648,2025-03-14,83,Emily Young,Nottingham,Desk Lamp,Furniture,2,41.99,PayPal
101649,2025-09-25,175,Mia Brown,Birmingham,Desk,Furniture,3,249.99,Card
101650,2025-11-16,221,George Adams,Sheffield,Laptop,Electronics,4,989.99,PayPal
101651,2025-05-03,107,Emma Scott,Birmingham,Monitor,Electronics,4,219.99,PayPal
101652,2025-09-12,50,Sophia Adams,Manchester,Laptop,Electronics,1,989.99,Card
101653,2025-02-14,256,Noah Lewis,Nottingham,Monitor,Electronics,1,208.99,Bank Transfer
101654,2025-03-24,35,Sarah Wilson,Birmingham,Keyboard,Accessories,2,49.99,Card
101655,2025-04-02,236,Emily Roberts,Liverpool,Keyboard,Accessories,5,49.99,PayPal
101656,2025-08-15,72,Thomas Wilson,Liverpool,Monitor,Electronics,5,219.99,Card
101657,2025-05-27,206,Charlie Smith,Leeds,Desk Chair,Furniture,3,188.99,Card
101658,2025-07-07,263,James Young,Nottingham,Webcam,Accessories,1,62.99,Card
101659,2025-08-19,135,Charlie Roberts,London,Laptop,Electronics,2,944.99,Card
101660,2025-05-06,288,Jack Hall,Manchester,Laptop,Electronics,1,809.99,Card
101661,2025-03-23,292,Lily Wright,Nottingham,Desk Chair,Furniture,3,170.99,Card
101662,2025-08-25,48,James Wilson,Bristol,Webcam,Accessories,1,62.99,Card
101663,2025-08-27,56,Emily Lewis,Bristol,Monitor,Electronics,1,197.99,Bank Transfer
101664,2025-07-23,222,Thomas Smith,Nottingham,Mouse,Accessories,1,22.49,Card
101665,2025-11-06,249,Olivia Johnson,Leeds,Mouse,Accessories,2,24.99,Card
101666,2025-08-21,20,George Clarke,Birmingham,Desk Lamp,Furniture,1,39.99,Card
101667,2025-04-20,164,Olivia Hill,Nottingham,Laptop,Electronics,5,989.99,Card
101668,2025-07-05,221,George Adams,Sheffield,Desk,Furniture,1,237.49,PayPal
101669,2025-12-17,217,Lily Scott,Nottingham,Keyboard,Accessories,1,47.49,Card
101670,2025-02-05,141,James Hill,Liverpool,Desk Chair,Furniture,1,197.99,PayPal
101671,2025-08-03,269,David Roberts,Birmingham,Mouse,Accessories,2,24.99,Card
101672,2025-01-28,48,James Wilson,Bristol,Desk Chair,Furniture,1,197.99,Card
101673,2025-04-12,179,Mia King,Sheffield,Desk Chair,Furniture,2,179.99,PayPal
101674,2025-03-24,224,Daniel Clarke,Leeds,Webcam,Accessories,4,59.99,Card
101675,2025-01-06,288,Jack Hall,Manchester,Mouse,Accessories,1,26.24,Card
101676,2025-03-16,166,Emma King,Birmingham,Webcam,Accessories,1,59.99,Bank Transfer
101677,2025-09-13,163,Emma Young,Liverpool,Monitor,Electronics,3,230.99,Card
101678,2025-09-24,2,Sophia Walker,Birmingham,Desk,Furniture,4,274.99,Card
101679,2025-08-19,297,Olivia Green,London,Monitor,Electronics,1,230.99,Bank Transfer
101680,2025-08-04,280,Olivia Wright,Nottingham,Headphones,Electronics,2,75.99,Card
101681,2025-04-08,296,James Baker,Liverpool,Laptop,Electronics,1,899.99,Card
101682,2025-06-07,258,Emily Adams,London,Monitor,Electronics,2,230.99,Bank Transfer
101683,2025-07-31,211,Mia Young,Bristol,Webcam,Accessories,1,59.99,Card
101684,2025-06-21,59,Michael Hall,London,Headphones,Electronics,1,79.99,Card
101685,2025-11-01,84,David Evans,Leeds,Desk Lamp,Furniture,1,39.99,PayPal
101686,2025-12-19,224,Daniel Clarke,Leeds,Keyboard,Accessories,2,54.99,Card
101687,2025-02-14,54,Jack Hill,Sheffield,Monitor,Electronics,2,219.99,Bank Transfer
101688,2025-02-23,255,Mia Young,Liverpool,Desk Lamp,Furniture,1,39.99,Card
101689,2025-01-17,149,Harry Scott,London,Desk Chair,Furniture,1,197.99,Card
101690,2025-07-15,59,Michael Hall,London,Mouse,Accessories,3,22.49,Card
101691,2025-08-26,212,Michael Hill,Bristol,Desk Chair,Furniture,1,179.99,PayPal
101692,2025-09-17,146,Emily Scott,Birmingham,Keyboard,Accessories,3,49.99,Card
101693,2025-08-01,124,James Thomas,Bristol,Laptop,Electronics,4,899.99,Card
101694,2025-01-14,79,Amelia Wright,Nottingham,Webcam,Accessories,3,59.99,PayPal
101695,2025-11-04,163,Emma Young,Liverpool,Webcam,Accessories,1,59.99,Bank Transfer
101696,2025-05-04,285,Thomas Young,Nottingham,Desk Chair,Furniture,1,188.99,Card
101697,2025-01-27,296,James Baker,Liverpool,Desk Chair,Furniture,1,188.99,Card
101698,2025-03-30,207,Charlie Lewis,Sheffield,Webcam,Accessories,2,59.99,Card
101699,2025-12-30,65,Jack Wright,Liverpool,Desk Lamp,Furniture,1,39.99,PayPal
101700,2025-11-18,134,Emma Roberts,Birmingham,Desk Lamp,Furniture,1,39.99,Card
101701,2025-02-17,14,Sarah King,Manchester,Desk Chair,Furniture,1,197.99,Card
101702,2025-01-15,279,Jack Adams,London,Monitor,Electronics,2,197.99,PayPal
101703,2025-03-08,233,Isla Scott,Bristol,Webcam,Accessories,1,62.99,PayPal
101704,2025-06-02,100,Noah Roberts,Birmingham,Desk Lamp,Furniture,3,41.99,PayPal
101705,2025-07-13,134,Emma Roberts,Birmingham,Laptop,Electronics,1,854.99,PayPal
101706,2025-11-23,297,Olivia Green,London,Monitor,Electronics,1,219.99,Card
101707,2025-03-14,145,Amelia Hall,Sheffield,Keyboard,Accessories,4,44.99,Card
101708,2025-07-05,107,Emma Scott,Birmingham,Desk Chair,Furniture,1,197.99,Card
101709,2025-02-07,250,Isla Wilson,Manchester,Monitor,Electronics,1,219.99,Card
101710,2025-06-10,231,Sophia Lewis,Liverpool,Headphones,Electronics,1,71.99,Bank Transfer
101711,2025-12-04,291,Sarah Evans,Bristol,Laptop,Electronics,1,899.99,Bank Transfer
101712,2025-09-05,280,Olivia Wright,Nottingham,Laptop,Electronics,1,944.99,Card
101713,2025-03-04,99,Michael Scott,Liverpool,Laptop,Electronics,2,899.99,Card
101714,2025-03-20,111,Sarah Brown,Sheffield,Webcam,Accessories,1,56.99,Card
101715,2025-03-12,113,Thomas Taylor,Leeds,Monitor,Electronics,2,208.99,Card
101716,2025-09-04,103,George Scott,Leeds,Monitor,Electronics,1,219.99,PayPal
101717,2025-08-28,254,Michael Walker,Manchester,Desk Chair,Furniture,2,179.99,Bank Transfer
101718,2025-05-09,89,Olivia Brown,Manchester,Mouse,Accessories,2,26.24,Card
101719,2025-07-21,53,Isla Scott,Birmingham,Keyboard,Accessories,1,47.49,Bank Transfer
101720,2025-09-07,222,Thomas Smith,Nottingham,Desk,Furniture,1,262.49,Card
101721,2025-06-13,56,Emily Lewis,Bristol,Desk Chair,Furniture,1,179.99,Card
101722,2025-11-20,33,Grace Walker,Birmingham,Desk,Furniture,1,224.99,Bank Transfer
101723,2025-05-10,210,Charlie Johnson,Bristol,Keyboard,Accessories,2,52.49,Bank Transfer
101724,2025-09-29,181,Harry Adams,London,Desk Chair,Furniture,1,170.99,PayPal
101725,2025-08-08,96,David Green,Nottingham,Webcam,Accessories,1,56.99,PayPal
101726,2025-07-10,75,Jack King,Liverpool,Webcam,Accessories,1,59.99,PayPal
101727,2025-06-18,110,Noah Wright,Leeds,Desk,Furniture,2,249.99,PayPal
101728,2025-10-15,34,Noah Wright,Manchester,Desk Chair,Furniture,1,170.99,Card
101729,2025-02-22,288,Jack Hall,Manchester,Keyboard,Accessories,2,54.99,PayPal
101730,2025-02-08,294,Mia Taylor,Leeds,Desk Chair,Furniture,2,179.99,Card
101731,2025-06-13,102,Grace Green,Birmingham,Mouse,Accessories,1,24.99,Card
101732,2025-05-21,216,Olivia Hill,Leeds,Monitor,Electronics,1,208.99,PayPal
101733,2025-10-30,197,Isla Smith,London,Mouse,Accessories,2,24.99,Card
101734,2025-10-22,3,Emma Scott,Manchester,Desk,Furniture,1,274.99,Bank Transfer
101735,2025-01-19,274,Noah Scott,Nottingham,Desk Lamp,Furniture,1,41.99,Card
101736,2025-08-29,49,Emily Walker,London,Desk Chair,Furniture,2,179.99,Card
101737,2025-06-27,205,Olivia Green,Manchester,Monitor,Electronics,2,219.99,Card
101738,2025-01-25,202,Emma Adams,Liverpool,Keyboard,Accessories,2,49.99,Card
101739,2025-11-25,63,Michael Johnson,Bristol,Webcam,Accessories,4,53.99,Card
101740,2025-01-25,6,Sophia Hill,London,Headphones,Electronics,1,79.99,PayPal
101741,2025-08-12,116,Michael Taylor,London,Headphones,Electronics,1,83.99,Bank Transfer
101742,2025-07-08,276,Amelia Hall,Leeds,Laptop,Electronics,4,989.99,Card
101743,2025-01-23,57,George Hill,Nottingham,Laptop,Electronics,4,809.99,Card
101744,2025-12-19,195,Thomas Lewis,Leeds,Keyboard,Accessories,2,47.49,Card
101745,2025-03-03,65,Jack Wright,Liverpool,Webcam,Accessories,3,65.99,Card
101746,2025-07-31,229,Isla Wright,Nottingham,Monitor,Electronics,2,208.99,Card
101747,2025-12-05,251,Harry Wright,Manchester,Keyboard,Accessories,1,52.49,Card
101748,2025-02-17,136,Emma Baker,Sheffield,Keyboard,Accessories,2,49.99,Card
101749,2025-05-05,106,David Roberts,Manchester,Monitor,Electronics,1,219.99,Card
101750,2025-01-07,111,Sarah Brown,Sheffield,Desk,Furniture,3,237.49,Card
101751,2025-06-24,107,Emma Scott,Birmingham,Desk Lamp,Furniture,2,39.99,PayPal
101752,2025-06-09,233,Isla Scott,Bristol,Headphones,Electronics,3,71.99,Bank Transfer
101753,2025-04-23,187,Harry Hall,Sheffield,Desk Chair,Furniture,5,197.99,PayPal
101754,2025-04-14,205,Olivia Green,Manchester,Mouse,Accessories,1,24.99,Card
101755,2025-06-07,296,James Baker,Liverpool,Monitor,Electronics,1,197.99,PayPal
101756,2025-05-04,9,James Thomas,Sheffield,Desk,Furniture,1,224.99,Card
101757,2025-09-29,232,Emily Adams,Bristol,Webcam,Accessories,1,59.99,Card
101758,2025-08-09,109,Thomas Evans,Leeds,Headphones,Electronics,1,79.99,Card
101759,2025-01-28,226,Mia Smith,Liverpool,Keyboard,Accessories,1,44.99,PayPal
101760,2025-08-05,100,Noah Roberts,Birmingham,Keyboard,Accessories,1,47.49,Card
101761,2025-09-29,253,David Adams,Leeds,Desk Lamp,Furniture,1,41.99,Card
101762,2025-05-08,57,George Hill,Nottingham,Mouse,Accessories,1,22.49,Card
101763,2025-05-03,34,Noah Wright,Manchester,Desk Lamp,Furniture,1,37.99,PayPal
101764,2025-12-25,208,Daniel Brown,Liverpool,Desk Chair,Furniture,1,170.99,PayPal
101765,2025-12-21,138,Lily Hill,Manchester,Desk,Furniture,1,274.99,Card
101766,2025-11-23,148,Olivia Baker,Leeds,Keyboard,Accessories,2,44.99,Card
101767,2025-12-25,245,Mia Green,Birmingham,Keyboard,Accessories,3,52.49,Card
101768,2025-06-11,36,Olivia Young,Manchester,Headphones,Electronics,1,79.99,Card
101769,2025-01-07,243,Emily Smith,Birmingham,Desk Chair,Furniture,1,170.99,Bank Transfer
101770,2025-02-09,88,Sarah Hill,Manchester,Laptop,Electronics,2,899.99,Card
101771,2025-09-08,127,Sarah Wright,Liverpool,Desk,Furniture,1,274.99,Card
101772,2025-12-15,149,Harry Scott,London,Mouse,Accessories,2,23.74,PayPal
101773,2025-02-18,52,Mia Taylor,Birmingham,Keyboard,Accessories,3,49.99,Card
101774,2025-06-29,280,Olivia Wright,Nottingham,Keyboard,Accessories,2,49.99,Card
101775,2025-01-07,181,Harry Adams,London,Keyboard,Accessories,2,49.99,PayPal
101776,2025-11-02,248,Isla King,Bristol,Monitor,Electronics,1,219.99,PayPal
101777,2025-01-11,76,Michael King,Manchester,Desk Chair,Furniture,3,188.99,Bank Transfer
101778,2025-07-02,255,Mia Young,Liverpool,Laptop,Electronics,1,944.99,PayPal
101779,2025-08-09,185,Isla Walker,Leeds,Mouse,Accessories,2,23.74,Bank Transfer
101780,2025-07-13,56,Emily Lewis,Bristol,Keyboard,Accessories,3,52.49,Card
101781,2025-08-19,270,Michael Johnson,Birmingham,Headphones,Electronics,1,83.99,Card
101782,2025-06-19,201,Sophia Taylor,Nottingham,Desk Chair,Furniture,4,179.99,Card
101783,2025-01-22,297,Olivia Green,London,Desk Lamp,Furniture,2,43.99,PayPal
101784,2025-08-10,233,Isla Scott,Bristol,Webcam,Accessories,1,53.99,Card
101785,2025-12-17,76,Michael King,Manchester,Desk,Furniture,2,249.99,Bank Transfer
101786,2025-11-16,286,Emily Lewis,London,Headphones,Electronics,1,79.99,Card
101787,2025-05-31,8,Sophia King,Leeds,Desk,Furniture,1,249.99,PayPal
101788,2025-03-05,28,Michael Evans,Bristol,Desk,Furniture,1,249.99,Card
101789,2025-01-01,26,Sarah Walker,London,Keyboard,Accessories,1,49.99,PayPal
101790,2025-09-15,288,Jack Hall,Manchester,Headphones,Electronics,4,83.99,Card
101791,2025-04-11,222,Thomas Smith,Nottingham,Monitor,Electronics,1,197.99,Card
101792,2025-07-01,128,Daniel King,Bristol,Desk Chair,Furniture,1,161.99,PayPal
101793,2025-06-04,160,George Young,Liverpool,Headphones,Electronics,2,83.99,PayPal
101794,2025-10-24,72,Thomas Wilson,Liverpool,Mouse,Accessories,1,24.99,Card
101795,2025-06-04,157,Sophia Evans,Birmingham,Monitor,Electronics,1,230.99,Card
101796,2025-04-04,193,Jack Lewis,Bristol,Desk Chair,Furniture,1,179.99,Card
101797,2025-06-10,258,Emily Adams,London,Webcam,Accessories,1,59.99,Card
101798,2025-07-30,237,Emma Evans,Bristol,Laptop,Electronics,4,809.99,Bank Transfer
101799,2025-08-04,46,Mia Hill,London,Headphones,Electronics,2,79.99,PayPal
101800,2025-10-25,263,James Young,Nottingham,Webcam,Accessories,1,59.99,PayPal
101801,2025-05-31,28,Michael Evans,Bristol,Desk Chair,Furniture,1,188.99,Card
101802,2025-09-23,236,Emily Roberts,Liverpool,Laptop,Electronics,1,899.99,PayPal
101803,2025-11-29,55,Daniel Scott,Liverpool,Webcam,Accessories,2,65.99,Card
101804,2025-09-04,170,Isla King,Leeds,Laptop,Electronics,1,899.99,PayPal
101805,2025-01-28,105,Mia Green,Manchester,Desk Lamp,Furniture,1,41.99,Bank Transfer
101806,2025-03-11,115,Mia Smith,Manchester,Headphones,Electronics,1,79.99,PayPal
101807,2025-01-04,249,Olivia Johnson,Leeds,Mouse,Accessories,1,22.49,Card
101808,2025-03-03,267,Sophia Roberts,Liverpool,Monitor,Electronics,1,197.99,Card
101809,2025-09-16,228,Isla Scott,Liverpool,Desk Chair,Furniture,1,161.99,Card
101810,2025-09-05,95,Sophia Roberts,Sheffield,Mouse,Accessories,3,24.99,Card
101811,2025-11-10,225,Thomas Roberts,Leeds,Monitor,Electronics,1,230.99,Card
101812,2025-03-14,124,James Thomas,Bristol,Headphones,Electronics,2,83.99,Card
101813,2025-09-01,246,Isla Wilson,London,Keyboard,Accessories,1,44.99,Bank Transfer
101814,2025-09-10,189,Lily Scott,London,Keyboard,Accessories,1,52.49,PayPal
101815,2025-08-26,214,Emma Young,Bristol,Desk Chair,Furniture,1,179.99,Card
101816,2025-10-16,200,Daniel Smith,Birmingham,Laptop,Electronics,2,809.99,PayPal
101817,2025-12-03,228,Isla Scott,Liverpool,Laptop,Electronics,4,899.99,Bank Transfer
101818,2025-08-28,235,Grace King,Leeds,Keyboard,Accessories,1,47.49,Card
101819,2025-09-15,108,Jack Green,Liverpool,Webcam,Accessories,4,59.99,Card
101820,2025-02-02,90,Sophia Lewis,Manchester,Headphones,Electronics,1,83.99,Card
101821,2025-08-24,72,Thomas Wilson,Liverpool,Keyboard,Accessories,3,52.49,Card
101822,2025-07-21,35,Sarah Wilson,Birmingham,Desk,Furniture,1,249.99,PayPal
101823,2025-04-03,295,George Wright,Manchester,Desk Lamp,Furniture,3,39.99,Card
101824,2025-12-24,166,Emma King,Birmingham,Webcam,Accessories,2,65.99,Card
101825,2025-01-24,16,Lily Clarke,Liverpool,Headphones,Electronics,1,83.99,Card
101826,2025-12-14,244,Jack Johnson,London,Webcam,Accessories,3,65.99,PayPal
101827,2025-05-02,54,Jack Hill,Sheffield,Headphones,Electronics,2,79.99,PayPal
101828,2025-08-04,33,Grace Walker,Birmingham,Laptop,Electronics,2,809.99,Card
101829,2025-02-07,227,Michael Walker,Sheffield,Webcam,Accessories,2,65.99,Card
101830,2025-03-31,165,Sarah Scott,Liverpool,Monitor,Electronics,2,219.99,Card
101831,2025-11-23,294,Mia Taylor,Leeds,Desk Lamp,Furniture,1,39.99,Card
101832,2025-12-14,147,Daniel Young,Sheffield,Mouse,Accessories,1,23.74,Card
101833,2025-09-28,99,Michael Scott,Liverpool,Monitor,Electronics,2,230.99,Bank Transfer
101834,2025-02-19,105,Mia Green,Manchester,Laptop,Electronics,3,809.99,Card
101835,2025-07-28,291,Sarah Evans,Bristol,Desk Lamp,Furniture,3,39.99,Card
101836,2025-11-25,271,Emily Baker,Leeds,Desk,Furniture,1,237.49,Card
101837,2025-08-31,257,George Green,Sheffield,Webcam,Accessories,1,59.99,PayPal
101838,2025-02-04,225,Thomas Roberts,Leeds,Desk Chair,Furniture,2,197.99,Card
101839,2025-02-10,66,Mia Taylor,Nottingham,Desk Lamp,Furniture,1,35.99,Card
101840,2025-01-27,277,James Brown,Liverpool,Webcam,Accessories,1,65.99,Bank Transfer
101841,2025-05-09,200,Daniel Smith,Birmingham,Webcam,Accessories,1,65.99,Card
101842,2025-05-28,39,Emma Scott,Leeds,Desk Lamp,Furniture,2,43.99,Card
101843,2025-11-09,257,George Green,Sheffield,Keyboard,Accessories,1,44.99,Card
101844,2025-02-26,299,Sophia Wilson,Nottingham,Desk,Furniture,4,249.99,PayPal
101845,2025-01-17,174,Jack Hall,Bristol,Desk Chair,Furniture,1,179.99,PayPal
101846,2025-01-31,72,Thomas Wilson,Liverpool,Mouse,Accessories,2,26.24,Card
101847,2025-12-06,32,Charlie Young,Sheffield,Mouse,Accessories,2,27.49,Bank Transfer
101848,2025-11-09,19,Emma Lewis,Leeds,Webcam,Accessories,5,59.99,Card
101849,2025-11-10,42,James Roberts,Birmingham,Desk Lamp,Furniture,1,37.99,Card
101850,2025-01-22,54,Jack Hill,Sheffield,Laptop,Electronics,2,854.99,PayPal
101851,2025-08-09,245,Mia Green,Birmingham,Keyboard,Accessories,3,47.49,Card
101852,2025-01-29,14,Sarah King,Manchester,Mouse,Accessories,2,27.49,Card
101853,2025-12-17,10,Thomas Roberts,Birmingham,Desk Lamp,Furniture,2,39.99,PayPal
101854,2025-12-23,65,Jack Wright,Liverpool,Desk Chair,Furniture,2,179.99,Card
101855,2025-08-13,61,Charlie Walker,London,Webcam,Accessories,1,59.99,Card
101856,2025-01-30,122,Lily Taylor,Liverpool,Mouse,Accessories,1,22.49,Card
101857,2025-10-02,291,Sarah Evans,Bristol,Laptop,Electronics,5,809.99,PayPal
101858,2025-05-08,30,George Taylor,Leeds,Monitor,Electronics,1,219.99,Card
101859,2025-01-23,161,Harry Wright,Sheffield,Webcam,Accessories,2,56.99,Bank Transfer
101860,2025-03-08,204,Olivia Baker,Manchester,Desk,Furniture,2,262.49,Card
101861,2025-05-09,279,Jack Adams,London,Mouse,Accessories,2,26.24,PayPal
101862,2025-04-23,228,Isla Scott,Liverpool,Keyboard,Accessories,4,54.99,Card
101863,2025-12-01,126,Olivia Wilson,Sheffield,Desk Lamp,Furniture,4,39.99,PayPal
101864,2025-09-15,54,Jack Hill,Sheffield,Laptop,Electronics,1,899.99,PayPal
101865,2025-11-15,249,Olivia Johnson,Leeds,Keyboard,Accessories,1,47.49,PayPal
101866,2025-09-24,119,Emily Clarke,London,Keyboard,Accessories,2,47.49,Card
101867,2025-03-14,19,Emma Lewis,Leeds,Mouse,Accessories,2,26.24,PayPal
101868,2025-02-28,11,Daniel Hall,Manchester,Desk,Furniture,3,249.99,Card
101869,2025-07-16,154,Olivia Brown,Leeds,Monitor,Electronics,1,241.99,PayPal
101870,2025-09-11,10,Thomas Roberts,Birmingham,Desk Chair,Furniture,1,161.99,Card
101871,2025-07-14,95,Sophia Roberts,Sheffield,Desk Chair,Furniture,2,188.99,Card
101872,2025-10-05,179,Mia King,Sheffield,Laptop,Electronics,4,989.99,PayPal
101873,2025-05-15,111,Sarah Brown,Sheffield,Laptop,Electronics,1,989.99,PayPal
101874,2025-08-07,30,George Taylor,Leeds,Monitor,Electronics,2,230.99,Bank Transfer
101875,2025-05-28,274,Noah Scott,Nottingham,Desk,Furniture,1,262.49,Card
101876,2025-09-23,134,Emma Roberts,Birmingham,Headphones,Electronics,5,79.99,PayPal
101877,2025-05-02,68,Daniel Wilson,Manchester,Laptop,Electronics,1,944.99,Bank Transfer
101878,2025-02-13,128,Daniel King,Bristol,Desk Lamp,Furniture,1,39.99,Card
101879,2025-11-12,141,James Hill,Liverpool,Webcam,Accessories,1,59.99,PayPal
101880,2025-11-08,7,Mia Evans,Sheffield,Monitor,Electronics,1,230.99,Card
101881,2025-05-16,92,Lily Brown,Sheffield,Desk,Furniture,1,249.99,Card
101882,2025-01-19,184,Harry Young,Liverpool,Desk,Furniture,2,249.99,Card
101883,2025-01-30,297,Olivia Green,London,Monitor,Electronics,1,219.99,Card
101884,2025-02-02,226,Mia Smith,Liverpool,Headphones,Electronics,1,87.99,Card
101885,2025-09-11,66,Mia Taylor,Nottingham,Mouse,Accessories,2,23.74,PayPal
101886,2025-12-02,26,Sarah Walker,London,Mouse,Accessories,1,22.49,Card
101887,2025-09-17,226,Mia Smith,Liverpool,Webcam,Accessories,1,62.99,Card
101888,2025-05-13,132,Jack Clarke,Sheffield,Laptop,Electronics,2,989.99,PayPal
101889,2025-10-04,23,Mia Walker,Birmingham,Mouse,Accessories,1,22.49,Card
101890,2025-02-27,262,Mia Brown,Birmingham,Monitor,Electronics,1,219.99,Card
101891,2025-12-15,213,James Young,Nottingham,Monitor,Electronics,2,219.99,Card
101892,2025-06-17,185,Isla Walker,Leeds,Webcam,Accessories,5,62.99,Card
101893,2025-05-31,16,Lily Clarke,Liverpool,Headphones,Electronics,1,79.99,Bank Transfer
101894,2025-10-30,14,Sarah King,Manchester,Monitor,Electronics,2,241.99,Card
101895,2025-09-18,298,Mia Young,Manchester,Webcam,Accessories,4,59.99,PayPal
101896,2025-01-17,77,Sarah Scott,London,Desk Chair,Furniture,3,188.99,Card
101897,2025-02-09,115,Mia Smith,Manchester,Desk Lamp,Furniture,5,41.99,Card
101898,2025-08-03,276,Amelia Hall,Leeds,Monitor,Electronics,3,219.99,PayPal
101899,2025-11-07,242,Sophia Clarke,Birmingham,Desk Lamp,Furniture,2,39.99,Card
101900,2025-10-22,151,Amelia Adams,Bristol,Mouse,Accessories,1,27.49,PayPal
101901,2025-07-05,119,Emily Clarke,London,Desk,Furniture,1,224.99,PayPal
101902,2025-08-16,210,Charlie Johnson,Bristol,Webcam,Accessories,1,59.99,Card
101903,2025-07-05,248,Isla King,Bristol,Mouse,Accessories,1,24.99,Card
101904,2025-03-06,276,Amelia Hall,Leeds,Mouse,Accessories,3,24.99,PayPal
101905,2025-12-07,71,Emma Johnson,Sheffield,Keyboard,Accessories,3,49.99,Card
101906,2025-02-11,210,Charlie Johnson,Bristol,Desk Chair,Furniture,2,170.99,Card
101907,2025-11-20,102,Grace Green,Birmingham,Headphones,Electronics,3,71.99,Card
101908,2025-08-03,135,Charlie Roberts,London,Desk Lamp,Furniture,2,39.99,PayPal
101909,2025-03-06,18,Emily Brown,Liverpool,Desk Chair,Furniture,1,170.99,Bank Transfer
101910,2025-03-09,264,Lily Wright,Leeds,Desk Lamp,Furniture,4,39.99,Card
101911,2025-07-25,286,Emily Lewis,London,Mouse,Accessories,2,22.49,Card
101912,2025-06-22,56,Emily Lewis,Bristol,Laptop,Electronics,1,899.99,Bank Transfer
101913,2025-07-29,231,Sophia Lewis,Liverpool,Desk Chair,Furniture,1,179.99,PayPal
101914,2025-04-04,261,Olivia Walker,Birmingham,Monitor,Electronics,1,197.99,Card
101915,2025-07-09,233,Isla Scott,Bristol,Desk Chair,Furniture,1,170.99,Card
101916,2025-10-29,144,Emma Green,Leeds,Monitor,Electronics,1,219.99,Card
101917,2025-10-16,266,Emily King,Manchester,Desk Lamp,Furniture,2,43.99,Bank Transfer
101918,2025-05-27,166,Emma King,Birmingham,Desk Chair,Furniture,1,170.99,Bank Transfer
101919,2025-01-22,108,Jack Green,Liverpool,Desk Chair,Furniture,2,179.99,PayPal
101920,2025-06-10,51,Michael Wright,Manchester,Webcam,Accessories,1,53.99,Card
101921,2025-09-07,225,Thomas Roberts,Leeds,Mouse,Accessories,3,24.99,Bank Transfer
101922,2025-05-13,55,Daniel Scott,Liverpool,Mouse,Accessories,2,23.74,Card
101923,2025-10-10,261,Olivia Walker,Birmingham,Headphones,Electronics,1,71.99,Bank Transfer
101924,2025-10-04,276,Amelia Hall,Leeds,Mouse,Accessories,1,27.49,PayPal
101925,2025-07-09,105,Mia Green,Manchester,Keyboard,Accessories,4,49.99,Card
101926,2025-08-16,267,Sophia Roberts,Liverpool,Headphones,Electronics,3,79.99,Bank Transfer
101927,2025-12-28,62,Michael Johnson,Liverpool,Desk,Furniture,3,249.99,Card
101928,2025-03-12,143,Thomas Baker,Bristol,Monitor,Electronics,5,241.99,Card
101929,2025-04-24,39,Emma Scott,Leeds,Webcam,Accessories,1,59.99,Card
101930,2025-11-19,263,James Young,Nottingham,Monitor,Electronics,2,219.99,PayPal
101931,2025-01-20,222,Thomas Smith,Nottingham,Monitor,Electronics,4,241.99,Card
101932,2025-04-08,286,Emily Lewis,London,Laptop,Electronics,4,944.99,Card
101933,2025-03-12,193,Jack Lewis,Bristol,Mouse,Accessories,2,24.99,Card
101934,2025-09-06,96,David Green,Nottingham,Desk,Furniture,1,237.49,PayPal
101935,2025-02-15,265,Sarah Walker,Leeds,Mouse,Accessories,1,22.49,Card
101936,2025-11-09,107,Emma Scott,Birmingham,Headphones,Electronics,1,83.99,Card
101937,2025-07-14,299,Sophia Wilson,Nottingham,Mouse,Accessories,2,24.99,Card
101938,2025-04-03,154,Olivia Brown,Leeds,Mouse,Accessories,3,26.24,Card
101939,2025-11-19,201,Sophia Taylor,Nottingham,Webcam,Accessories,2,59.99,Card
101940,2025-02-27,148,Olivia Baker,Leeds,Desk Chair,Furniture,5,179.99,Card
101941,2025-08-06,60,Charlie Scott,Liverpool,Headphones,Electronics,1,79.99,PayPal
101942,2025-06-27,204,Olivia Baker,Manchester,Headphones,Electronics,3,79.99,PayPal
101943,2025-09-08,211,Mia Young,Bristol,Mouse,Accessories,1,24.99,Card
101944,2025-07-29,32,Charlie Young,Sheffield,Desk Lamp,Furniture,3,39.99,PayPal
101945,2025-07-30,201,Sophia Taylor,Nottingham,Desk,Furniture,1,249.99,Bank Transfer
101946,2025-05-18,249,Olivia Johnson,Leeds,Mouse,Accessories,1,27.49,Card
101947,2025-08-18,210,Charlie Johnson,Bristol,Mouse,Accessories,2,23.74,Card
101948,2025-11-17,57,George Hill,Nottingham,Webcam,Accessories,1,59.99,Card
101949,2025-01-11,195,Thomas Lewis,Leeds,Monitor,Electronics,3,219.99,Bank Transfer
101950,2025-10-11,33,Grace Walker,Birmingham,Laptop,Electronics,2,899.99,Card
101951,2025-03-22,275,George Brown,London,Desk Chair,Furniture,3,170.99,Card
101952,2025-03-24,192,George Thomas,London,Webcam,Accessories,1,59.99,PayPal
101953,2025-01-07,19,Emma Lewis,Leeds,Laptop,Electronics,3,899.99,Card
101954,2025-07-23,249,Olivia Johnson,Leeds,Laptop,Electronics,1,899.99,Card
101955,2025-11-20,127,Sarah Wright,Liverpool,Laptop,Electronics,1,809.99,PayPal
101956,2025-07-13,206,Charlie Smith,Leeds,Headphones,Electronics,3,79.99,PayPal
101957,2025-02-09,38,Noah Roberts,London,Desk Lamp,Furniture,2,43.99,PayPal
101958,2025-01-11,8,Sophia King,Leeds,Desk Lamp,Furniture,2,37.99,Card
101959,2025-10-29,201,Sophia Taylor,Nottingham,Mouse,Accessories,3,27.49,Card
101960,2025-06-15,218,George Young,Leeds,Desk Lamp,Furniture,2,39.99,Card
101961,2025-04-14,52,Mia Taylor,Birmingham,Keyboard,Accessories,5,49.99,Card
101962,2025-05-30,220,Jack King,Liverpool,Monitor,Electronics,1,219.99,Card
101963,2025-09-05,146,Emily Scott,Birmingham,Desk Lamp,Furniture,2,39.99,Card
101964,2025-09-12,202,Emma Adams,Liverpool,Webcam,Accessories,3,62.99,Card
101965,2025-04-25,296,James Baker,Liverpool,Laptop,Electronics,1,854.99,Card
101966,2025-09-02,289,Harry Hill,London,Monitor,Electronics,2,219.99,Card
101967,2025-11-19,43,Noah Wilson,Leeds,Monitor,Electronics,2,208.99,PayPal
101968,2025-09-08,128,Daniel King,Bristol,Monitor,Electronics,1,219.99,PayPal
101969,2025-09-25,291,Sarah Evans,Bristol,Mouse,Accessories,1,24.99,Card
101970,2025-06-09,173,Michael Green,Liverpool,Headphones,Electronics,1,83.99,Card
101971,2025-07-28,3,Emma Scott,Manchester,Keyboard,Accessories,2,54.99,Card
101972,2025-09-08,280,Olivia Wright,Nottingham,Desk,Furniture,1,262.49,Card
101973,2025-08-25,248,Isla King,Bristol,Desk Lamp,Furniture,2,41.99,Bank Transfer
101974,2025-02-11,54,Jack Hill,Sheffield,Desk Chair,Furniture,2,179.99,Card
101975,2025-01-07,83,Emily Young,Nottingham,Desk Lamp,Furniture,2,37.99,Card
101976,2025-02-28,20,George Clarke,Birmingham,Desk Chair,Furniture,2,188.99,PayPal
101977,2025-09-07,72,Thomas Wilson,Liverpool,Desk Lamp,Furniture,1,35.99,Card
101978,2025-08-11,151,Amelia Adams,Bristol,Keyboard,Accessories,2,49.99,PayPal
101979,2025-10-16,85,Daniel Johnson,London,Headphones,Electronics,1,83.99,Card
101980,2025-11-11,191,Michael Young,Birmingham,Desk Lamp,Furniture,2,39.99,Card
101981,2025-06-19,70,Amelia King,London,Headphones,Electronics,2,87.99,Card
101982,2025-06-12,214,Emma Young,Bristol,Headphones,Electronics,1,71.99,Bank Transfer
101983,2025-01-03,160,George Young,Liverpool,Mouse,Accessories,1,22.49,Card
101984,2025-06-19,49,Emily Walker,London,Laptop,Electronics,2,899.99,Card
101985,2025-06-29,287,George Brown,Bristol,Mouse,Accessories,1,22.49,Bank Transfer
101986,2025-05-21,146,Emily Scott,Birmingham,Desk Chair,Furniture,2,179.99,Card
101987,2025-07-26,131,Thomas Roberts,Manchester,Desk Lamp,Furniture,2,41.99,Card
101988,2025-10-31,79,Amelia Wright,Nottingham,Monitor,Electronics,2,219.99,Card
101989,2025-10-16,53,Isla Scott,Birmingham,Headphones,Electronics,3,79.99,PayPal
101990,2025-07-16,170,Isla King,Leeds,Keyboard,Accessories,5,52.49,PayPal
101991,2025-12-09,243,Emily Smith,Birmingham,Mouse,Accessories,1,27.49,Card
101992,2025-04-21,47,Lily Hall,Nottingham,Headphones,Electronics,1,79.99,PayPal
101993,2025-06-15,40,Thomas Wilson,Leeds,Laptop,Electronics,1,989.99,Card
101994,2025-12-07,242,Sophia Clarke,Birmingham,Webcam,Accessories,1,65.99,Card
101995,2025-10-14,202,Emma Adams,Liverpool,Desk Chair,Furniture,3,188.99,Card
101996,2025-06-09,268,Amelia Wilson,Liverpool,Webcam,Accessories,2,59.99,PayPal
101997,2025-03-27,143,Thomas Baker,Bristol,Headphones,Electronics,3,79.99,Card
101998,2025-12-22,129,Emily Walker,Liverpool,Monitor,Electronics,2,219.99,PayPal
101999,2025-04-02,13,Grace Clarke,Leeds,Webcam,Accessories,3,65.99,PayPal
102000,2025-08-06,110,Noah Wright,Leeds,Desk Lamp,Furniture,3,37.99,Card
102001,2025-04-02,6,Sophia Hill,London,Mouse,Accessories,1,24.99,Card
102002,2025-10-28,159,Isla Baker,Manchester,Webcam,Accessories,1,59.99,Bank Transfer
102003,2025-09-15,7,Mia Evans,Sheffield,Keyboard,Accessories,1,49.99,PayPal
102004,2025-07-23,23,Mia Walker,Birmingham,Keyboard,Accessories,1,44.99,Bank Transfer
102005,2025-01-16,242,Sophia Clarke,Birmingham,Desk,Furniture,2,249.99,PayPal
102006,2025-11-28,280,Olivia Wright,Nottingham,Monitor,Electronics,1,197.99,PayPal
102007,2025-03-20,91,Charlie Walker,London,Headphones,Electronics,1,87.99,PayPal
102008,2025-01-29,228,Isla Scott,Liverpool,Laptop,Electronics,1,989.99,Card
102009,2025-04-10,9,James Thomas,Sheffield,Webcam,Accessories,3,65.99,PayPal
102010,2025-12-30,87,Charlie Wright,Birmingham,Webcam,Accessories,2,62.99,Card
102011,2025-12-08,32,Charlie Young,Sheffield,Monitor,Electronics,1,241.99,Card
102012,2025-05-17,43,Noah Wilson,Leeds,Headphones,Electronics,1,79.99,PayPal
102013,2025-12-19,259,Lily Wilson,Liverpool,Desk Chair,Furniture,1,188.99,PayPal
102014,2025-01-02,160,George Young,Liverpool,Keyboard,Accessories,2,44.99,Card
102015,2025-10-18,45,David Clarke,Birmingham,Desk,Furniture,1,224.99,Card
102016,2025-02-14,96,David Green,Nottingham,Webcam,Accessories,2,53.99,PayPal
102017,2025-01-06,112,Jack Johnson,London,Webcam,Accessories,1,62.99,Bank Transfer
102018,2025-06-07,98,George Baker,Manchester,Headphones,Electronics,1,79.99,PayPal
102019,2025-04-02,143,Thomas Baker,Bristol,Headphones,Electronics,2,79.99,Card
102020,2025-04-07,140,Jack Johnson,Sheffield,Mouse,Accessories,1,24.99,Card
102021,2025-08-14,136,Emma Baker,Sheffield,Monitor,Electronics,2,219.99,Card
102022,2025-11-25,268,Amelia Wilson,Liverpool,Desk,Furniture,3,262.49,PayPal
102023,2025-01-19,300,Emma Taylor,Nottingham,Desk Chair,Furniture,1,179.99,Card
102024,2025-12-26,223,Thomas Thomas,Nottingham,Webcam,Accessories,2,62.99,PayPal
102025,2025-04-17,176,David Walker,Sheffield,Desk Lamp,Furniture,2,41.99,PayPal
102026,2025-02-16,263,James Young,Nottingham,Mouse,Accessories,1,24.99,Card
102027,2025-03-01,265,Sarah Walker,Leeds,Headphones,Electronics,1,79.99,Card
102028,2025-07-10,289,Harry Hill,London,Desk Chair,Furniture,2,161.99,Card
102029,2025-02-23,184,Harry Young,Liverpool,Laptop,Electronics,1,899.99,Card
102030,2025-11-28,52,Mia Taylor,Birmingham,Headphones,Electronics,4,79.99,Card
102031,2025-10-07,96,David Green,Nottingham,Laptop,Electronics,1,899.99,Card
102032,2025-10-22,223,Thomas Thomas,Nottingham,Desk Chair,Furniture,1,170.99,Card
102033,2025-07-11,173,Michael Green,Liverpool,Desk,Furniture,2,249.99,Card
102034,2025-04-30,260,Daniel Roberts,Manchester,Monitor,Electronics,1,241.99,Card
102035,2025-10-23,206,Charlie Smith,Leeds,Laptop,Electronics,1,854.99,Bank Transfer
102036,2025-11-02,269,David Roberts,Birmingham,Mouse,Accessories,4,24.99,PayPal
102037,2025-03-08,171,Sophia Roberts,Nottingham,Laptop,Electronics,5,899.99,PayPal
102038,2025-03-14,178,Amelia Young,Bristol,Desk,Furniture,1,249.99,Card
102039,2025-03-17,103,George Scott,Leeds,Headphones,Electronics,1,71.99,Card
102040,2025-04-15,224,Daniel Clarke,Leeds,Monitor,Electronics,2,208.99,PayPal
102041,2025-07-11,3,Emma Scott,Manchester,Desk,Furniture,1,224.99,Card
102042,2025-12-18,202,Emma Adams,Liverpool,Mouse,Accessories,4,26.24,Card
102043,2025-08-26,125,Amelia Walker,Leeds,Monitor,Electronics,1,219.99,PayPal
102044,2025-03-10,205,Olivia Green,Manchester,Webcam,Accessories,4,65.99,PayPal
102045,2025-08-06,202,Emma Adams,Liverpool,Desk Lamp,Furniture,1,39.99,PayPal
102046,2025-10-28,14,Sarah King,Manchester,Mouse,Accessories,3,23.74,PayPal
102047,2025-07-08,186,Amelia Wright,London,Webcam,Accessories,2,53.99,PayPal
102048,2025-07-23,40,Thomas Wilson,Leeds,Mouse,Accessories,1,23.74,Card
102049,2025-06-04,223,Thomas Thomas,Nottingham,Monitor,Electronics,1,230.99,Card
102050,2025-03-19,146,Emily Scott,Birmingham,Keyboard,Accessories,1,54.99,Card
102051,2025-05-14,216,Olivia Hill,Leeds,Headphones,Electronics,1,83.99,Card
102052,2025-02-24,239,Daniel Evans,Nottingham,Monitor,Electronics,1,230.99,Card
102053,2025-07-27,7,Mia Evans,Sheffield,Headphones,Electronics,1,79.99,Card
102054,2025-12-18,233,Isla Scott,Bristol,Laptop,Electronics,2,944.99,Card
102055,2025-01-28,156,Michael Walker,Leeds,Desk Chair,Furniture,1,188.99,Card
102056,2025-08-19,258,Emily Adams,London,Webcam,Accessories,3,62.99,Card
102057,2025-10-01,187,Harry Hall,Sheffield,Monitor,Electronics,3,219.99,Card
102058,2025-07-16,41,Amelia Thomas,Nottingham,Headphones,Electronics,1,83.99,Card
102059,2025-04-12,264,Lily Wright,Leeds,Desk,Furniture,1,249.99,Card
102060,2025-03-04,251,Harry Wright,Manchester,Desk,Furniture,1,249.99,PayPal
102061,2025-05-10,218,George Young,Leeds,Webcam,Accessories,2,65.99,PayPal
102062,2025-10-05,137,Grace Hall,Sheffield,Headphones,Electronics,1,79.99,Card
102063,2025-06-16,153,Daniel Hill,Nottingham,Laptop,Electronics,2,899.99,PayPal
102064,2025-09-30,203,George Roberts,Bristol,Mouse,Accessories,1,24.99,Card
102065,2025-03-16,253,David Adams,Leeds,Desk Chair,Furniture,4,179.99,Bank Transfer
102066,2025-12-19,125,Amelia Walker,Leeds,Desk Lamp,Furniture,2,35.99,Card
102067,2025-07-10,20,George Clarke,Birmingham,Headphones,Electronics,2,83.99,PayPal
102068,2025-02-21,196,Amelia Roberts,Manchester,Desk Lamp,Furniture,5,35.99,Card
102069,2025-11-23,155,Noah Baker,Bristol,Desk Chair,Furniture,1,170.99,Bank Transfer
102070,2025-05-12,41,Amelia Thomas,Nottingham,Desk Chair,Furniture,5,197.99,Card
102071,2025-05-14,156,Michael Walker,Leeds,Desk Lamp,Furniture,2,43.99,Card
102072,2025-01-26,192,George Thomas,London,Desk,Furniture,1,249.99,Card
102073,2025-12-19,96,David Green,Nottingham,Keyboard,Accessories,2,44.99,PayPal
102074,2025-04-03,146,Emily Scott,Birmingham,Keyboard,Accessories,1,47.49,Card
102075,2025-08-01,67,Sophia Wright,Sheffield,Keyboard,Accessories,1,49.99,PayPal
102076,2025-11-22,163,Emma Young,Liverpool,Monitor,Electronics,1,197.99,PayPal
102077,2025-04-24,33,Grace Walker,Birmingham,Keyboard,Accessories,2,49.99,PayPal
102078,2025-10-29,216,Olivia Hill,Leeds,Webcam,Accessories,2,59.99,Bank Transfer
102079,2025-01-07,176,David Walker,Sheffield,Webcam,Accessories,1,65.99,Card
102080,2025-08-25,256,Noah Lewis,Nottingham,Mouse,Accessories,2,23.74,PayPal
102081,2025-05-11,207,Charlie Lewis,Sheffield,Laptop,Electronics,2,899.99,Bank Transfer
102082,2025-11-20,250,Isla Wilson,Manchester,Desk Lamp,Furniture,5,35.99,Card
102083,2025-09-29,190,Harry Adams,London,Keyboard,Accessories,1,49.99,Card
102084,2025-08-28,16,Lily Clarke,Liverpool,Headphones,Electronics,2,75.99,PayPal
102085,2025-10-17,221,George Adams,Sheffield,Desk Chair,Furniture,5,161.99,PayPal
102086,2025-05-26,285,Thomas Young,Nottingham,Desk,Furniture,5,249.99,Bank Transfer
102087,2025-03-09,194,Daniel King,Bristol,Monitor,Electronics,1,208.99,Card
102088,2025-02-26,293,Sarah Evans,Leeds,Keyboard,Accessories,1,47.49,PayPal
102089,2025-07-25,282,Isla Brown,Nottingham,Desk Chair,Furniture,1,170.99,Card
102090,2025-11-03,143,Thomas Baker,Bristol,Webcam,Accessories,3,62.99,Card
102091,2025-12-18,163,Emma Young,Liverpool,Desk Lamp,Furniture,2,39.99,Card
102092,2025-07-26,254,Michael Walker,Manchester,Desk,Furniture,1,249.99,Card
102093,2025-04-01,205,Olivia Green,Manchester,Keyboard,Accessories,1,54.99,Card
102094,2025-08-26,89,Olivia Brown,Manchester,Monitor,Electronics,1,230.99,Card
102095,2025-08-03,211,Mia Young,Bristol,Mouse,Accessories,2,24.99,Card
102096,2025-11-09,258,Emily Adams,London,Monitor,Electronics,2,230.99,Card
102097,2025-01-12,167,George Hill,Bristol,Mouse,Accessories,1,26.24,Card
102098,2025-02-16,190,Harry Adams,London,Laptop,Electronics,2,989.99,PayPal
102099,2025-10-10,262,Mia Brown,Birmingham,Mouse,Accessories,3,23.74,Card
102100,2025-05-03,90,Sophia Lewis,Manchester,Desk,Furniture,4,237.49,Card
102101,2025-05-31,34,Noah Wright,Manchester,Laptop,Electronics,1,899.99,Card
102102,2025-12-17,228,Isla Scott,Liverpool,Mouse,Accessories,3,24.99,Card
102103,2025-02-26,170,Isla King,Leeds,Headphones,Electronics,1,83.99,Bank Transfer
102104,2025-01-04,17,Michael Johnson,Liverpool,Desk Chair,Furniture,3,179.99,PayPal
102105,2025-02-06,214,Emma Young,Bristol,Keyboard,Accessories,3,49.99,Card
102106,2025-11-07,274,Noah Scott,Nottingham,Laptop,Electronics,1,989.99,PayPal
102107,2025-05-30,204,Olivia Baker,Manchester,Laptop,Electronics,1,944.99,Bank Transfer
102108,2025-11-19,226,Mia Smith,Liverpool,Desk Chair,Furniture,3,161.99,Card
102109,2025-05-15,297,Olivia Green,London,Monitor,Electronics,2,219.99,Card
102110,2025-06-23,73,Daniel Evans,Nottingham,Mouse,Accessories,3,23.74,Card
102111,2025-06-18,38,Noah Roberts,London,Desk,Furniture,4,249.99,PayPal
102112,2025-05-14,176,David Walker,Sheffield,Keyboard,Accessories,2,49.99,PayPal
102113,2025-12-25,133,Mia Hall,London,Keyboard,Accessories,2,54.99,Card
102114,2025-09-25,148,Olivia Baker,Leeds,Laptop,Electronics,1,899.99,Card
102115,2025-05-30,158,James Johnson,Liverpool,Headphones,Electronics,2,79.99,Card
102116,2025-08-14,151,Amelia Adams,Bristol,Headphones,Electronics,2,83.99,Card
102117,2025-11-08,150,Emily Green,Liverpool,Desk Chair,Furniture,1,170.99,Card
102118,2025-04-19,299,Sophia Wilson,Nottingham,Keyboard,Accessories,1,44.99,Card
102119,2025-09-18,265,Sarah Walker,Leeds,Desk Chair,Furniture,1,170.99,Bank Transfer
102120,2025-11-26,80,Daniel Lewis,London,Desk Lamp,Furniture,1,39.99,Card
102121,2025-09-06,87,Charlie Wright,Birmingham,Desk Lamp,Furniture,2,39.99,PayPal
102122,2025-01-08,34,Noah Wright,Manchester,Webcam,Accessories,1,56.99,Card
102123,2025-05-23,62,Michael Johnson,Liverpool,Mouse,Accessories,1,24.99,Card
102124,2025-11-23,7,Mia Evans,Sheffield,Desk Lamp,Furniture,4,41.99,Card
102125,2025-12-07,17,Michael Johnson,Liverpool,Desk Chair,Furniture,2,179.99,Card
102126,2025-05-19,284,Thomas Wilson,Birmingham,Desk Lamp,Furniture,3,39.99,PayPal
102127,2025-01-29,229,Isla Wright,Nottingham,Desk Lamp,Furniture,1,39.99,PayPal
102128,2025-04-04,126,Olivia Wilson,Sheffield,Mouse,Accessories,2,24.99,Card
102129,2025-11-08,137,Grace Hall,Sheffield,Desk Lamp,Furniture,1,41.99,Card
102130,2025-02-02,68,Daniel Wilson,Manchester,Desk Lamp,Furniture,1,37.99,Card
102131,2025-10-27,298,Mia Young,Manchester,Desk,Furniture,1,249.99,PayPal
102132,2025-01-27,164,Olivia Hill,Nottingham,Monitor,Electronics,1,197.99,Card
102133,2025-09-01,102,Grace Green,Birmingham,Monitor,Electronics,2,208.99,Card
102134,2025-06-03,292,Lily Wright,Nottingham,Laptop,Electronics,2,989.99,Bank Transfer
102135,2025-08-15,100,Noah Roberts,Birmingham,Desk,Furniture,5,249.99,PayPal
102136,2025-11-04,139,Harry Adams,Liverpool,Desk,Furniture,2,249.99,Card
102137,2025-09-21,146,Emily Scott,Birmingham,Keyboard,Accessories,1,49.99,Card
102138,2025-05-21,288,Jack Hall,Manchester,Desk Lamp,Furniture,1,39.99,Card
102139,2025-04-04,250,Isla Wilson,Manchester,Laptop,Electronics,1,899.99,Card
102140,2025-03-25,92,Lily Brown,Sheffield,Monitor,Electronics,3,230.99,Card
102141,2025-08-15,176,David Walker,Sheffield,Desk Lamp,Furniture,3,37.99,PayPal
102142,2025-04-29,110,Noah Wright,Leeds,Keyboard,Accessories,2,49.99,PayPal
102143,2025-08-30,53,Isla Scott,Birmingham,Keyboard,Accessories,4,47.49,Card
102144,2025-03-21,166,Emma King,Birmingham,Headphones,Electronics,1,79.99,PayPal
102145,2025-03-22,81,Olivia Lewis,London,Webcam,Accessories,4,59.99,PayPal
102146,2025-08-02,138,Lily Hill,Manchester,Mouse,Accessories,4,24.99,Bank Transfer
102147,2025-06-05,190,Harry Adams,London,Headphones,Electronics,1,83.99,Card
102148,2025-06-11,231,Sophia Lewis,Liverpool,Keyboard,Accessories,1,49.99,PayPal
102149,2025-01-03,207,Charlie Lewis,Sheffield,Laptop,Electronics,5,899.99,PayPal
102150,2025-03-13,234,Amelia Scott,Bristol,Keyboard,Accessories,1,52.49,Card
102151,2025-12-05,132,Jack Clarke,Sheffield,Keyboard,Accessories,3,44.99,Card
102152,2025-07-15,167,George Hill,Bristol,Desk Lamp,Furniture,2,37.99,PayPal
102153,2025-11-13,258,Emily Adams,London,Desk,Furniture,3,224.99,Card
102154,2025-03-24,167,George Hill,Bristol,Desk,Furniture,4,249.99,Card
102155,2025-01-24,200,Daniel Smith,Birmingham,Desk,Furniture,1,249.99,Card
102156,2025-01-31,52,Mia Taylor,Birmingham,Laptop,Electronics,2,899.99,Card
102157,2025-08-13,146,Emily Scott,Birmingham,Monitor,Electronics,1,230.99,Card
102158,2025-07-31,78,Michael Walker,Birmingham,Headphones,Electronics,2,79.99,Card
102159,2025-02-15,225,Thomas Roberts,Leeds,Mouse,Accessories,1,24.99,PayPal
102160,2025-05-14,286,Emily Lewis,London,Desk Lamp,Furniture,3,41.99,Card
102161,2025-02-04,161,Harry Wright,Sheffield,Webcam,Accessories,4,59.99,PayPal
102162,2025-04-20,95,Sophia Roberts,Sheffield,Webcam,Accessories,1,59.99,Card
102163,2025-04-12,133,Mia Hall,London,Keyboard,Accessories,2,44.99,Card
102164,2025-11-25,211,Mia Young,Bristol,Desk Chair,Furniture,1,179.99,PayPal
102165,2025-09-28,31,David Walker,Leeds,Desk Lamp,Furniture,1,39.99,Card
102166,2025-01-17,259,Lily Wilson,Liverpool,Webcam,Accessories,3,59.99,Card
102167,2025-06-20,35,Sarah Wilson,Birmingham,Monitor,Electronics,2,219.99,PayPal
102168,2025-09-30,82,Harry Roberts,Nottingham,Desk Lamp,Furniture,3,35.99,Card
102169,2025-08-28,98,George Baker,Manchester,Monitor,Electronics,3,219.99,PayPal
102170,2025-08-27,232,Emily Adams,Bristol,Headphones,Electronics,2,71.99,Card
102171,2025-10-22,174,Jack Hall,Bristol,Desk,Furniture,2,262.49,PayPal
102172,2025-08-10,11,Daniel Hall,Manchester,Desk Chair,Furniture,2,161.99,PayPal
102173,2025-07-19,10,Thomas Roberts,Birmingham,Laptop,Electronics,1,899.99,Card
102174,2025-04-25,300,Emma Taylor,Nottingham,Webcam,Accessories,2,62.99,PayPal
102175,2025-10-22,182,Charlie Lewis,Nottingham,Headphones,Electronics,1,75.99,Card
102176,2025-04-03,52,Mia Taylor,Birmingham,Laptop,Electronics,2,989.99,Card
102177,2025-03-07,277,James Brown,Liverpool,Webcam,Accessories,4,59.99,PayPal
102178,2025-04-28,107,Emma Scott,Birmingham,Mouse,Accessories,1,24.99,Bank Transfer
102179,2025-04-30,112,Jack Johnson,London,Webcam,Accessories,1,59.99,Card
102180,2025-07-12,14,Sarah King,Manchester,Desk,Furniture,3,274.99,PayPal
102181,2025-07-14,26,Sarah Walker,London,Desk,Furniture,1,237.49,Card
102182,2025-07-14,64,Michael Hill,Liverpool,Monitor,Electronics,5,219.99,Bank Transfer
102183,2025-09-22,63,Michael Johnson,Bristol,Headphones,Electronics,3,71.99,Bank Transfer
102184,2025-11-06,184,Harry Young,Liverpool,Webcam,Accessories,1,56.99,Bank Transfer
102185,2025-09-17,185,Isla Walker,Leeds,Desk,Furniture,1,224.99,Bank Transfer
102186,2025-01-09,4,Charlie Young,London,Desk Chair,Furniture,3,179.99,Bank Transfer
102187,2025-02-21,182,Charlie Lewis,Nottingham,Webcam,Accessories,4,65.99,Card
102188,2025-11-30,154,Olivia Brown,Leeds,Mouse,Accessories,5,22.49,PayPal
102189,2025-07-19,242,Sophia Clarke,Birmingham,Laptop,Electronics,4,899.99,PayPal
102190,2025-06-15,24,George Lewis,Leeds,Headphones,Electronics,3,75.99,Card
102191,2025-03-07,266,Emily King,Manchester,Headphones,Electronics,1,79.99,PayPal
102192,2025-02-01,108,Jack Green,Liverpool,Keyboard,Accessories,1,49.99,PayPal
102193,2025-08-03,89,Olivia Brown,Manchester,Headphones,Electronics,4,75.99,PayPal
102194,2025-12-09,93,Charlie Adams,Bristol,Webcam,Accessories,3,53.99,PayPal
102195,2025-01-16,255,Mia Young,Liverpool,Mouse,Accessories,1,26.24,Card
102196,2025-05-16,165,Sarah Scott,Liverpool,Laptop,Electronics,3,899.99,Card
102197,2025-08-29,18,Emily Brown,Liverpool,Headphones,Electronics,4,71.99,Card
102198,2025-11-03,269,David Roberts,Birmingham,Headphones,Electronics,1,71.99,Card
102199,2025-04-25,48,James Wilson,Bristol,Desk Chair,Furniture,5,161.99,Bank Transfer
102200,2025-08-26,213,James Young,Nottingham,Desk Lamp,Furniture,1,43.99,PayPal
102201,2025-11-23,1,Emma Smith,Leeds,Keyboard,Accessories,1,49.99,Card
102202,2025-12-03,277,James Brown,Liverpool,Webcam,Accessories,4,62.99,PayPal
102203,2025-09-02,253,David Adams,Leeds,Mouse,Accessories,1,24.99,Card
102204,2025-03-15,116,Michael Taylor,London,Monitor,Electronics,2,230.99,Card
102205,2025-11-11,54,Jack Hill,Sheffield,Mouse,Accessories,1,23.74,PayPal
102206,2025-06-04,169,Mia King,Birmingham,Desk,Furniture,2,249.99,Card
102207,2025-05-17,68,Daniel Wilson,Manchester,Webcam,Accessories,1,62.99,Card
102208,2025-01-18,198,Grace Walker,Manchester,Laptop,Electronics,3,854.99,Card
102209,2025-11-21,18,Emily Brown,Liverpool,Mouse,Accessories,1,24.99,Card
102210,2025-09-04,248,Isla King,Bristol,Webcam,Accessories,1,65.99,PayPal
102211,2025-10-23,208,Daniel Brown,Liverpool,Desk,Furniture,5,249.99,PayPal
102212,2025-10-07,226,Mia Smith,Liverpool,Monitor,Electronics,2,230.99,PayPal
102213,2025-06-22,173,Michael Green,Liverpool,Headphones,Electronics,1,87.99,PayPal
102214,2025-10-09,234,Amelia Scott,Bristol,Monitor,Electronics,2,219.99,PayPal
102215,2025-05-15,33,Grace Walker,Birmingham,Webcam,Accessories,1,53.99,Bank Transfer
102216,2025-03-06,49,Emily Walker,London,Mouse,Accessories,5,27.49,Card
102217,2025-10-09,152,George King,Nottingham,Headphones,Electronics,3,79.99,Card
102218,2025-10-11,43,Noah Wilson,Leeds,Desk Lamp,Furniture,1,43.99,Bank Transfer
102219,2025-09-19,100,Noah Roberts,Birmingham,Headphones,Electronics,3,75.99,PayPal
102220,2025-04-12,182,Charlie Lewis,Nottingham,Desk Lamp,Furniture,2,37.99,Card
102221,2025-09-29,269,David Roberts,Birmingham,Laptop,Electronics,3,899.99,Card
102222,2025-12-22,272,George Wilson,Nottingham,Headphones,Electronics,1,71.99,PayPal
102223,2025-11-22,116,Michael Taylor,London,Headphones,Electronics,2,79.99,Card
102224,2025-04-14,143,Thomas Baker,Bristol,Laptop,Electronics,4,899.99,Card
102225,2025-09-25,216,Olivia Hill,Leeds,Desk,Furniture,1,237.49,PayPal
102226,2025-06-03,1,Emma Smith,Leeds,Monitor,Electronics,1,219.99,PayPal
102227,2025-04-17,35,Sarah Wilson,Birmingham,Laptop,Electronics,3,854.99,Card
102228,2025-03-24,125,Amelia Walker,Leeds,Desk Chair,Furniture,3,188.99,Card
102229,2025-10-30,100,Noah Roberts,Birmingham,Mouse,Accessories,3,22.49,Card
102230,2025-05-22,72,Thomas Wilson,Liverpool,Desk Chair,Furniture,1,188.99,Card
102231,2025-12-11,78,Michael Walker,Birmingham,Mouse,Accessories,1,26.24,Card
102232,2025-06-17,6,Sophia Hill,London,Monitor,Electronics,2,219.99,Card
102233,2025-11-18,242,Sophia Clarke,Birmingham,Mouse,Accessories,2,24.99,PayPal
102234,2025-10-05,233,Isla Scott,Bristol,Headphones,Electronics,1,87.99,Bank Transfer
102235,2025-06-24,140,Jack Johnson,Sheffield,Laptop,Electronics,1,899.99,Card
102236,2025-08-27,219,Thomas Walker,Manchester,Headphones,Electronics,3,83.99,PayPal
102237,2025-09-07,150,Emily Green,Liverpool,Mouse,Accessories,2,22.49,Bank Transfer
102238,2025-11-05,186,Amelia Wright,London,Mouse,Accessories,3,26.24,Card
102239,2025-12-26,222,Thomas Smith,Nottingham,Desk Chair,Furniture,1,161.99,PayPal
102240,2025-05-24,142,Grace Young,Manchester,Keyboard,Accessories,2,49.99,Card
102241,2025-05-09,183,James Clarke,Leeds,Monitor,Electronics,1,230.99,PayPal
102242,2025-05-05,300,Emma Taylor,Nottingham,Desk,Furniture,1,249.99,PayPal
102243,2025-02-23,250,Isla Wilson,Manchester,Desk Lamp,Furniture,2,39.99,Card
102244,2025-09-23,196,Amelia Roberts,Manchester,Laptop,Electronics,2,899.99,PayPal
102245,2025-11-26,51,Michael Wright,Manchester,Monitor,Electronics,1,241.99,Card
102246,2025-10-25,216,Olivia Hill,Leeds,Desk Chair,Furniture,2,161.99,Card
102247,2025-08-14,236,Emily Roberts,Liverpool,Desk Lamp,Furniture,1,39.99,PayPal
102248,2025-11-18,222,Thomas Smith,Nottingham,Laptop,Electronics,1,854.99,Card
102249,2025-06-18,51,Michael Wright,Manchester,Keyboard,Accessories,4,54.99,Card
102250,2025-08-22,130,James Evans,Sheffield,Webcam,Accessories,3,59.99,Card
102251,2025-05-08,142,Grace Young,Manchester,Desk,Furniture,3,249.99,Card
102252,2025-11-22,135,Charlie Roberts,London,Headphones,Electronics,1,87.99,PayPal
102253,2025-11-28,165,Sarah Scott,Liverpool,Desk Chair,Furniture,3,197.99,PayPal
102254,2025-09-13,46,Mia Hill,London,Webcam,Accessories,1,59.99,PayPal
102255,2025-04-27,163,Emma Young,Liverpool,Keyboard,Accessories,1,52.49,Card
102256,2025-07-27,161,Harry Wright,Sheffield,Desk,Furniture,2,274.99,Card
102257,2025-05-16,249,Olivia Johnson,Leeds,Webcam,Accessories,1,59.99,PayPal
102258,2025-03-23,87,Charlie Wright,Birmingham,Webcam,Accessories,1,56.99,Card
102259,2025-09-17,287,George Brown,Bristol,Keyboard,Accessories,3,49.99,Card
102260,2025-11-13,39,Emma Scott,Leeds,Mouse,Accessories,1,26.24,Card
102261,2025-12-06,208,Daniel Brown,Liverpool,Keyboard,Accessories,1,49.99,Card
102262,2025-07-23,69,Amelia Clarke,Sheffield,Desk Chair,Furniture,1,188.99,PayPal
102263,2025-05-31,292,Lily Wright,Nottingham,Monitor,Electronics,1,208.99,Card
102264,2025-01-21,126,Olivia Wilson,Sheffield,Desk Lamp,Furniture,1,39.99,Card
102265,2025-04-25,113,Thomas Taylor,Leeds,Mouse,Accessories,3,24.99,PayPal
102266,2025-04-21,75,Jack King,Liverpool,Laptop,Electronics,1,809.99,PayPal
102267,2025-09-05,225,Thomas Roberts,Leeds,Desk Chair,Furniture,2,179.99,Card
102268,2025-04-06,266,Emily King,Manchester,Desk Chair,Furniture,2,179.99,PayPal
102269,2025-12-28,187,Harry Hall,Sheffield,Keyboard,Accessories,1,49.99,Bank Transfer
102270,2025-05-01,164,Olivia Hill,Nottingham,Desk Lamp,Furniture,1,41.99,Card
102271,2025-12-26,127,Sarah Wright,Liverpool,Desk Lamp,Furniture,2,35.99,Bank Transfer
102272,2025-09-17,244,Jack Johnson,London,Desk Lamp,Furniture,1,43.99,PayPal
102273,2025-04-27,179,Mia King,Sheffield,Desk Lamp,Furniture,3,37.99,Card
102274,2025-10-22,28,Michael Evans,Bristol,Desk,Furniture,2,249.99,Card
102275,2025-02-03,88,Sarah Hill,Manchester,Laptop,Electronics,2,899.99,PayPal
102276,2025-06-27,245,Mia Green,Birmingham,Headphones,Electronics,1,79.99,Card
102277,2025-05-22,292,Lily Wright,Nottingham,Keyboard,Accessories,4,52.49,Card
102278,2025-11-03,252,Charlie Johnson,Birmingham,Desk Chair,Furniture,2,170.99,Bank Transfer
102279,2025-04-21,232,Emily Adams,Bristol,Keyboard,Accessories,2,52.49,Card
102280,2025-04-30,292,Lily Wright,Nottingham,Desk Lamp,Furniture,4,37.99,PayPal
102281,2025-12-15,162,Sophia Taylor,London,Laptop,Electronics,5,809.99,PayPal
102282,2025-07-03,62,Michael Johnson,Liverpool,Monitor,Electronics,2,219.99,Card
102283,2025-03-24,100,Noah Roberts,Birmingham,Mouse,Accessories,5,27.49,PayPal
102284,2025-04-02,93,Charlie Adams,Bristol,Laptop,Electronics,2,899.99,PayPal
102285,2025-06-19,46,Mia Hill,London,Monitor,Electronics,4,219.99,PayPal
102286,2025-12-17,199,Sarah Smith,Liverpool,Desk Chair,Furniture,1,179.99,Card
102287,2025-06-25,94,Jack Evans,Bristol,Monitor,Electronics,1,208.99,PayPal
102288,2025-05-10,256,Noah Lewis,Nottingham,Monitor,Electronics,1,219.99,Card
102289,2025-06-29,42,James Roberts,Birmingham,Webcam,Accessories,1,53.99,Card
102290,2025-01-11,32,Charlie Young,Sheffield,Desk Lamp,Furniture,1,39.99,Card
102291,2025-01-01,271,Emily Baker,Leeds,Laptop,Electronics,1,899.99,Card
102292,2025-10-18,289,Harry Hill,London,Webcam,Accessories,3,56.99,Card
102293,2025-11-14,256,Noah Lewis,Nottingham,Headphones,Electronics,2,79.99,Card
102294,2025-12-16,80,Daniel Lewis,London,Webcam,Accessories,2,59.99,PayPal
102295,2025-04-01,260,Daniel Roberts,Manchester,Headphones,Electronics,3,79.99,Card
102296,2025-01-20,276,Amelia Hall,Leeds,Monitor,Electronics,3,219.99,Bank Transfer
102297,2025-02-25,179,Mia King,Sheffield,Headphones,Electronics,2,75.99,Bank Transfer
102298,2025-09-12,99,Michael Scott,Liverpool,Headphones,Electronics,5,79.99,Bank Transfer
102299,2025-12-04,281,Jack Thomas,Sheffield,Desk Chair,Furniture,3,161.99,PayPal
102300,2025-02-03,174,Jack Hall,Bristol,Mouse,Accessories,1,23.74,Bank Transfer
102301,2025-09-09,97,Thomas Brown,London,Desk Chair,Furniture,1,161.99,Bank Transfer
102302,2025-09-03,51,Michael Wright,Manchester,Desk Lamp,Furniture,1,41.99,Card
102303,2025-09-27,289,Harry Hill,London,Desk Lamp,Furniture,2,43.99,Card
102304,2025-04-13,145,Amelia Hall,Sheffield,Webcam,Accessories,1,65.99,Card
102305,2025-11-17,219,Thomas Walker,Manchester,Desk Chair,Furniture,1,161.99,Card
102306,2025-09-09,54,Jack Hill,Sheffield,Webcam,Accessories,2,59.99,Card
102307,2025-09-12,148,Olivia Baker,Leeds,Laptop,Electronics,2,809.99,Card
102308,2025-02-15,158,James Johnson,Liverpool,Desk Lamp,Furniture,1,39.99,PayPal
102309,2025-10-01,15,Harry Brown,Leeds,Laptop,Electronics,5,899.99,Card
102310,2025-10-03,27,Thomas Lewis,Leeds,Desk Chair,Furniture,2,179.99,PayPal
102311,2025-09-18,190,Harry Adams,London,Laptop,Electronics,4,809.99,Card
102312,2025-04-06,114,Olivia King,Sheffield,Webcam,Accessories,1,56.99,Card
102313,2025-10-20,8,Sophia King,Leeds,Laptop,Electronics,4,854.99,Bank Transfer
102314,2025-03-01,149,Harry Scott,London,Laptop,Electronics,4,944.99,PayPal
102315,2025-06-19,91,Charlie Walker,London,Desk Chair,Furniture,3,179.99,Bank Transfer
102316,2025-07-25,23,Mia Walker,Birmingham,Headphones,Electronics,1,75.99,PayPal
102317,2025-05-13,217,Lily Scott,Nottingham,Keyboard,Accessories,1,52.49,PayPal
102318,2025-05-20,210,Charlie Johnson,Bristol,Laptop,Electronics,1,899.99,Card
102319,2025-04-08,250,Isla Wilson,Manchester,Keyboard,Accessories,2,52.49,PayPal
102320,2025-01-22,230,James Brown,Leeds,Headphones,Electronics,2,75.99,Card
102321,2025-02-28,60,Charlie Scott,Liverpool,Headphones,Electronics,4,79.99,Card
102322,2025-10-02,168,George Baker,Sheffield,Headphones,Electronics,4,79.99,Bank Transfer
102323,2025-12-22,204,Olivia Baker,Manchester,Keyboard,Accessories,2,49.99,PayPal
102324,2025-05-14,56,Emily Lewis,Bristol,Monitor,Electronics,1,208.99,Bank Transfer
102325,2025-10-12,255,Mia Young,Liverpool,Mouse,Accessories,1,22.49,Card
102326,2025-02-25,58,Emma Walker,Liverpool,Mouse,Accessories,1,24.99,Card
102327,2025-12-22,35,Sarah Wilson,Birmingham,Mouse,Accessories,1,24.99,Card
102328,2025-03-15,227,Michael Walker,Sheffield,Laptop,Electronics,2,899.99,PayPal
102329,2025-04-07,108,Jack Green,Liverpool,Webcam,Accessories,1,53.99,Bank Transfer
102330,2025-06-24,129,Emily Walker,Liverpool,Headphones,Electronics,1,75.99,Bank Transfer
102331,2025-01-29,201,Sophia Taylor,Nottingham,Desk Chair,Furniture,1,179.99,Card
102332,2025-04-26,95,Sophia Roberts,Sheffield,Mouse,Accessories,1,26.24,Card
102333,2025-08-14,36,Olivia Young,Manchester,Mouse,Accessories,2,24.99,Card
102334,2025-03-15,281,Jack Thomas,Sheffield,Webcam,Accessories,1,62.99,Card
102335,2025-09-23,274,Noah Scott,Nottingham,Laptop,Electronics,2,854.99,PayPal
102336,2025-06-14,190,Harry Adams,London,Laptop,Electronics,1,809.99,PayPal
102337,2025-01-04,196,Amelia Roberts,Manchester,Laptop,Electronics,2,989.99,Card
102338,2025-10-18,62,Michael Johnson,Liverpool,Mouse,Accessories,3,22.49,Card
102339,2025-02-07,11,Daniel Hall,Manchester,Desk,Furniture,4,262.49,Card
102340,2025-12-18,199,Sarah Smith,Liverpool,Desk,Furniture,4,237.49,PayPal
102341,2025-11-10,129,Emily Walker,Liverpool,Webcam,Accessories,5,62.99,Card
102342,2025-03-20,233,Isla Scott,Bristol,Desk Lamp,Furniture,3,37.99,Card
102343,2025-11-23,90,Sophia Lewis,Manchester,Desk Chair,Furniture,5,170.99,Card
102344,2025-01-11,222,Thomas Smith,Nottingham,Keyboard,Accessories,1,49.99,Card
102345,2025-10-05,117,Grace Adams,Birmingham,Desk Chair,Furniture,1,188.99,Card
102346,2025-07-27,216,Olivia Hill,Leeds,Desk Chair,Furniture,1,179.99,Card
102347,2025-07-18,238,Emma Scott,Birmingham,Webcam,Accessories,1,62.99,Card
102348,2025-09-29,106,David Roberts,Manchester,Mouse,Accessories,1,23.74,Card
102349,2025-12-04,187,Harry Hall,Sheffield,Desk,Furniture,2,274.99,PayPal
102350,2025-07-11,158,James Johnson,Liverpool,Mouse,Accessories,1,24.99,Card
102351,2025-11-30,232,Emily Adams,Bristol,Keyboard,Accessories,4,54.99,PayPal
102352,2025-07-31,27,Thomas Lewis,Leeds,Mouse,Accessories,1,24.99,PayPal
102353,2025-12-04,197,Isla Smith,London,Desk Lamp,Furniture,1,39.99,Card
102354,2025-04-16,198,Grace Walker,Manchester,Headphones,Electronics,1,83.99,PayPal
102355,2025-03-21,206,Charlie Smith,Leeds,Mouse,Accessories,1,24.99,Card
102356,2025-03-08,250,Isla Wilson,Manchester,Webcam,Accessories,2,65.99,PayPal
102357,2025-11-18,19,Emma Lewis,Leeds,Monitor,Electronics,3,197.99,Card
102358,2025-01-28,170,Isla King,Leeds,Monitor,Electronics,1,219.99,Card
102359,2025-03-19,110,Noah Wright,Leeds,Keyboard,Accessories,3,49.99,PayPal
102360,2025-06-11,299,Sophia Wilson,Nottingham,Desk,Furniture,1,262.49,Card
102361,2025-06-05,52,Mia Taylor,Birmingham,Desk Lamp,Furniture,1,37.99,Card
102362,2025-03-02,273,Emily Lewis,Leeds,Desk Chair,Furniture,1,179.99,PayPal
102363,2025-12-25,144,Emma Green,Leeds,Mouse,Accessories,5,26.24,Bank Transfer
102364,2025-08-16,50,Sophia Adams,Manchester,Laptop,Electronics,1,899.99,Card
102365,2025-09-02,88,Sarah Hill,Manchester,Laptop,Electronics,2,989.99,Card
102366,2025-08-14,300,Emma Taylor,Nottingham,Headphones,Electronics,1,71.99,Bank Transfer
102367,2025-12-10,291,Sarah Evans,Bristol,Webcam,Accessories,3,53.99,PayPal
102368,2025-02-05,91,Charlie Walker,London,Headphones,Electronics,2,83.99,Card
102369,2025-03-18,57,George Hill,Nottingham,Mouse,Accessories,5,24.99,Card
102370,2025-02-12,182,Charlie Lewis,Nottingham,Desk,Furniture,1,249.99,Card
102371,2025-03-28,187,Harry Hall,Sheffield,Keyboard,Accessories,1,49.99,Bank Transfer
102372,2025-01-13,251,Harry Wright,Manchester,Webcam,Accessories,4,53.99,PayPal
102373,2025-12-25,157,Sophia Evans,Birmingham,Keyboard,Accessories,1,49.99,Card
102374,2025-05-20,235,Grace King,Leeds,Monitor,Electronics,1,197.99,Card
102375,2025-11-16,6,Sophia Hill,London,Laptop,Electronics,1,854.99,Bank Transfer
102376,2025-07-14,199,Sarah Smith,Liverpool,Laptop,Electronics,2,899.99,PayPal
102377,2025-06-21,188,Olivia King,Birmingham,Desk Lamp,Furniture,3,43.99,Card
102378,2025-12-29,176,David Walker,Sheffield,Headphones,Electronics,4,83.99,Card
102379,2025-04-09,251,Harry Wright,Manchester,Keyboard,Accessories,1,49.99,Bank Transfer
102380,2025-02-13,164,Olivia Hill,Nottingham,Desk Lamp,Furniture,4,35.99,PayPal
102381,2025-02-24,125,Amelia Walker,Leeds,Monitor,Electronics,1,197.99,Card
102382,2025-05-02,45,David Clarke,Birmingham,Monitor,Electronics,1,197.99,PayPal
102383,2025-06-24,37,Harry Lewis,Nottingham,Headphones,Electronics,2,87.99,Bank Transfer
102384,2025-11-20,170,Isla King,Leeds,Monitor,Electronics,2,197.99,PayPal
102385,2025-04-13,42,James Roberts,Birmingham,Headphones,Electronics,1,71.99,Card
102386,2025-12-18,120,Grace Evans,Liverpool,Mouse,Accessories,1,22.49,Card
102387,2025-11-17,272,George Wilson,Nottingham,Mouse,Accessories,1,23.74,PayPal
102388,2025-09-11,96,David Green,Nottingham,Desk,Furniture,1,262.49,Card
102389,2025-02-01,227,Michael Walker,Sheffield,Headphones,Electronics,2,71.99,Card
102390,2025-04-12,135,Charlie Roberts,London,Headphones,Electronics,3,79.99,Bank Transfer
102391,2025-12-25,64,Michael Hill,Liverpool,Monitor,Electronics,1,241.99,Card
102392,2025-04-27,84,David Evans,Leeds,Desk Chair,Furniture,2,179.99,Card
102393,2025-07-31,260,Daniel Roberts,Manchester,Keyboard,Accessories,1,49.99,PayPal
102394,2025-05-04,272,George Wilson,Nottingham,Laptop,Electronics,2,944.99,Card
102395,2025-03-24,34,Noah Wright,Manchester,Laptop,Electronics,1,899.99,Bank Transfer
102396,2025-01-31,221,George Adams,Sheffield,Monitor,Electronics,2,230.99,Card
102397,2025-12-12,46,Mia Hill,London,Webcam,Accessories,2,59.99,PayPal
102398,2025-11-07,34,Noah Wright,Manchester,Keyboard,Accessories,2,49.99,Card
102399,2025-09-03,190,Harry Adams,London,Desk,Furniture,1,249.99,Card
102400,2025-04-08,117,Grace Adams,Birmingham,Headphones,Electronics,1,79.99,Card
102401,2025-08-25,167,George Hill,Bristol,Desk Chair,Furniture,1,179.99,Card
102402,2025-03-14,198,Grace Walker,Manchester,Desk Chair,Furniture,4,197.99,Card
102403,2025-06-12,196,Amelia Roberts,Manchester,Headphones,Electronics,1,71.99,Card
102404,2025-12-05,89,Olivia Brown,Manchester,Headphones,Electronics,2,75.99,Card
102405,2025-01-09,201,Sophia Taylor,Nottingham,Desk,Furniture,1,249.99,Card
102406,2025-09-12,201,Sophia Taylor,Nottingham,Headphones,Electronics,1,87.99,Card
102407,2025-04-27,98,George Baker,Manchester,Desk,Furniture,2,249.99,Card
102408,2025-03-23,250,Isla Wilson,Manchester,Laptop,Electronics,1,809.99,Card
102409,2025-06-15,245,Mia Green,Birmingham,Keyboard,Accessories,1,49.99,Bank Transfer
102410,2025-04-21,214,Emma Young,Bristol,Desk,Furniture,1,249.99,PayPal
102411,2025-06-23,160,George Young,Liverpool,Desk Chair,Furniture,2,179.99,Card
102412,2025-05-25,175,Mia Brown,Birmingham,Webcam,Accessories,3,65.99,Card
102413,2025-10-17,243,Emily Smith,Birmingham,Monitor,Electronics,1,219.99,Card
102414,2025-04-18,168,George Baker,Sheffield,Mouse,Accessories,4,24.99,PayPal
102415,2025-09-01,144,Emma Green,Leeds,Desk Lamp,Furniture,1,43.99,Card
102416,2025-04-10,66,Mia Taylor,Nottingham,Webcam,Accessories,3,59.99,Bank Transfer
102417,2025-04-28,122,Lily Taylor,Liverpool,Mouse,Accessories,2,24.99,PayPal
102418,2025-06-10,262,Mia Brown,Birmingham,Monitor,Electronics,1,208.99,PayPal
102419,2025-02-11,271,Emily Baker,Leeds,Desk,Furniture,1,262.49,Card
102420,2025-08-19,200,Daniel Smith,Birmingham,Mouse,Accessories,3,24.99,PayPal
102421,2025-07-06,31,David Walker,Leeds,Desk,Furniture,1,262.49,Card
102422,2025-07-02,248,Isla King,Bristol,Desk Lamp,Furniture,1,39.99,Bank Transfer
102423,2025-09-06,161,Harry Wright,Sheffield,Desk Lamp,Furniture,1,43.99,PayPal
102424,2025-11-02,62,Michael Johnson,Liverpool,Keyboard,Accessories,2,52.49,PayPal
102425,2025-09-26,259,Lily Wilson,Liverpool,Keyboard,Accessories,1,49.99,Card
102426,2025-01-06,153,Daniel Hill,Nottingham,Keyboard,Accessories,1,49.99,Card
102427,2025-11-30,216,Olivia Hill,Leeds,Monitor,Electronics,1,241.99,Bank Transfer
102428,2025-03-17,229,Isla Wright,Nottingham,Desk Chair,Furniture,2,179.99,Card
102429,2025-06-10,56,Emily Lewis,Bristol,Keyboard,Accessories,1,47.49,PayPal
102430,2025-08-21,146,Emily Scott,Birmingham,Headphones,Electronics,2,79.99,Bank Transfer
102431,2025-03-05,27,Thomas Lewis,Leeds,Webcam,Accessories,2,59.99,Card
102432,2025-07-12,282,Isla Brown,Nottingham,Laptop,Electronics,2,944.99,Card
102433,2025-04-02,168,George Baker,Sheffield,Laptop,Electronics,2,899.99,Card
102434,2025-10-19,21,Grace Clarke,Liverpool,Desk Lamp,Furniture,1,41.99,PayPal
102435,2025-09-12,33,Grace Walker,Birmingham,Monitor,Electronics,1,197.99,Card
102436,2025-05-01,48,James Wilson,Bristol,Webcam,Accessories,5,59.99,Card
102437,2025-06-25,36,Olivia Young,Manchester,Desk,Furniture,1,224.99,Card
102438,2025-11-25,203,George Roberts,Bristol,Headphones,Electronics,2,71.99,PayPal
102439,2025-08-18,82,Harry Roberts,Nottingham,Monitor,Electronics,3,241.99,Card
102440,2025-05-03,29,Daniel Wright,Sheffield,Desk Lamp,Furniture,1,41.99,PayPal
102441,2025-04-26,246,Isla Wilson,London,Laptop,Electronics,1,989.99,Card
102442,2025-03-20,71,Emma Johnson,Sheffield,Desk Lamp,Furniture,1,39.99,PayPal
102443,2025-12-10,203,George Roberts,Bristol,Laptop,Electronics,2,899.99,Card
102444,2025-12-09,213,James Young,Nottingham,Desk Lamp,Furniture,1,37.99,Card
102445,2025-04-17,118,Amelia Taylor,London,Desk,Furniture,1,262.49,Card
102446,2025-07-08,261,Olivia Walker,Birmingham,Headphones,Electronics,1,75.99,Card
102447,2025-11-18,145,Amelia Hall,Sheffield,Keyboard,Accessories,2,49.99,Card
102448,2025-04-14,132,Jack Clarke,Sheffield,Webcam,Accessories,1,59.99,Card
102449,2025-11-30,147,Daniel Young,Sheffield,Desk,Furniture,1,249.99,Bank Transfer
102450,2025-12-10,263,James Young,Nottingham,Desk Chair,Furniture,1,161.99,Card
102451,2025-02-24,106,David Roberts,Manchester,Mouse,Accessories,3,26.24,PayPal
102452,2025-12-20,110,Noah Wright,Leeds,Keyboard,Accessories,1,44.99,PayPal
102453,2025-04-28,291,Sarah Evans,Bristol,Keyboard,Accessories,1,44.99,Card
102454,2025-04-21,93,Charlie Adams,Bristol,Webcam,Accessories,1,62.99,Card
102455,2025-06-17,235,Grace King,Leeds,Desk Chair,Furniture,2,170.99,Bank Transfer
102456,2025-09-03,288,Jack Hall,Manchester,Keyboard,Accessories,3,52.49,PayPal
102457,2025-05-08,40,Thomas Wilson,Leeds,Monitor,Electronics,3,241.99,Card
102458,2025-01-26,6,Sophia Hill,London,Keyboard,Accessories,4,49.99,Card
102459,2025-10-18,82,Harry Roberts,Nottingham,Monitor,Electronics,1,208.99,PayPal
102460,2025-08-05,191,Michael Young,Birmingham,Monitor,Electronics,1,230.99,Card
102461,2025-01-18,62,Michael Johnson,Liverpool,Keyboard,Accessories,1,49.99,Bank Transfer
102462,2025-04-15,62,Michael Johnson,Liverpool,Laptop,Electronics,3,899.99,Card
102463,2025-02-27,45,David Clarke,Birmingham,Mouse,Accessories,1,24.99,PayPal
102464,2025-05-20,139,Harry Adams,Liverpool,Laptop,Electronics,2,899.99,Card
102465,2025-12-21,79,Amelia Wright,Nottingham,Mouse,Accessories,1,26.24,Card
102466,2025-01-20,255,Mia Young,Liverpool,Desk Chair,Furniture,3,179.99,Card
102467,2025-01-07,296,James Baker,Liverpool,Laptop,Electronics,2,989.99,PayPal
102468,2025-12-30,145,Amelia Hall,Sheffield,Desk,Furniture,1,249.99,Card
102469,2025-05-20,97,Thomas Brown,London,Mouse,Accessories,2,27.49,Card
102470,2025-11-29,23,Mia Walker,Birmingham,Desk Chair,Furniture,2,188.99,Card
102471,2025-04-29,25,Mia Walker,Bristol,Keyboard,Accessories,1,49.99,Card
102472,2025-08-30,279,Jack Adams,London,Headphones,Electronics,1,79.99,PayPal
102473,2025-10-04,75,Jack King,Liverpool,Webcam,Accessories,2,59.99,Card
102474,2025-10-25,206,Charlie Smith,Leeds,Webcam,Accessories,1,59.99,PayPal
102475,2025-03-17,254,Michael Walker,Manchester,Desk Lamp,Furniture,1,39.99,Card
102476,2025-05-10,71,Emma Johnson,Sheffield,Webcam,Accessories,4,62.99,Card
102477,2025-10-04,85,Daniel Johnson,London,Laptop,Electronics,1,989.99,Bank Transfer
102478,2025-03-16,175,Mia Brown,Birmingham,Desk Lamp,Furniture,2,41.99,Card
102479,2025-10-21,72,Thomas Wilson,Liverpool,Mouse,Accessories,3,24.99,Card
102480,2025-08-03,58,Emma Walker,Liverpool,Desk Lamp,Furniture,2,39.99,Card
102481,2025-01-03,131,Thomas Roberts,Manchester,Desk Lamp,Furniture,2,37.99,PayPal
102482,2025-12-17,172,Sophia Roberts,Nottingham,Desk,Furniture,1,262.49,PayPal
102483,2025-07-11,281,Jack Thomas,Sheffield,Desk Chair,Furniture,2,197.99,Card
102484,2025-10-23,180,Sarah Evans,Sheffield,Desk Chair,Furniture,2,161.99,Card
102485,2025-11-26,233,Isla Scott,Bristol,Headphones,Electronics,3,87.99,Card
102486,2025-01-01,259,Lily Wilson,Liverpool,Monitor,Electronics,2,197.99,PayPal
102487,2025-06-06,124,James Thomas,Bristol,Desk Chair,Furniture,1,170.99,Card
102488,2025-02-19,98,George Baker,Manchester,Laptop,Electronics,1,899.99,Card
102489,2025-04-06,37,Harry Lewis,Nottingham,Monitor,Electronics,1,197.99,Card
102490,2025-07-03,207,Charlie Lewis,Sheffield,Laptop,Electronics,2,899.99,Card
102491,2025-07-11,107,Emma Scott,Birmingham,Keyboard,Accessories,1,49.99,Bank Transfer
102492,2025-11-22,22,Jack Brown,Birmingham,Desk,Furniture,5,249.99,Card
102493,2025-01-16,131,Thomas Roberts,Manchester,Desk,Furniture,3,249.99,PayPal
102494,2025-02-20,217,Lily Scott,Nottingham,Webcam,Accessories,4,62.99,Card
102495,2025-01-14,195,Thomas Lewis,Leeds,Laptop,Electronics,5,989.99,Bank Transfer
102496,2025-09-01,130,James Evans,Sheffield,Desk Lamp,Furniture,1,37.99,PayPal
102497,2025-11-20,49,Emily Walker,London,Desk,Furniture,1,249.99,Card
102498,2025-08-29,18,Emily Brown,Liverpool,Webcam,Accessories,1,65.99,PayPal
102499,2025-08-20,111,Sarah Brown,Sheffield,Desk Chair,Furniture,1,188.99,Card
102500,2025-12-12,15,Harry Brown,Leeds,Desk Lamp,Furniture,1,39.99,Card
